"shp";"diagnoosi";"vuosi";"pop";"laake";"klotsapiini";"depot";"pvm";"tarkastelujakso"
"Ahvenanmaa";1;2010;37;31;10;2;"31.10";"1 vuosi"
"Ahvenanmaa";1;2011;43;35;14;3;"31.10";"1 vuosi"
"Ahvenanmaa";1;2012;39;31;11;3;"31.10";"1 vuosi"
"Ahvenanmaa";1;2013;29;25;10;3;"31.10";"1 vuosi"
"Ahvenanmaa";1;2014;37;27;8;3;"31.10";"1 vuosi"
"Ahvenanmaa";1;2015;21;16;4;3;"31.10";"1 vuosi"
"Ahvenanmaa";1;2016;32;21;6;3;"31.10";"1 vuosi"
"Ahvenanmaa";1;2017;36;29;10;3;"31.10";"1 vuosi"
"Ahvenanmaa";1;2018;38;31;8;4;"31.10";"1 vuosi"
"Ahvenanmaa";1;2019;38;29;10;3;"31.10";"1 vuosi"
"Ahvenanmaa";2;2010;8;7;1;1;"31.10";"1 vuosi"
"Ahvenanmaa";2;2011;8;7;NA;NA;"31.10";"1 vuosi"
"Ahvenanmaa";2;2012;8;6;1;NA;"31.10";"1 vuosi"
"Ahvenanmaa";2;2013;6;4;1;NA;"31.10";"1 vuosi"
"Ahvenanmaa";2;2014;12;9;2;NA;"31.10";"1 vuosi"
"Ahvenanmaa";2;2015;6;4;1;NA;"31.10";"1 vuosi"
"Ahvenanmaa";2;2016;13;10;3;NA;"31.10";"1 vuosi"
"Ahvenanmaa";2;2017;20;12;4;2;"31.10";"1 vuosi"
"Ahvenanmaa";2;2018;14;14;4;2;"31.10";"1 vuosi"
"Ahvenanmaa";2;2019;13;13;6;2;"31.10";"1 vuosi"
"Ahvenanmaa";3;2010;13;11;NA;2;"31.10";"1 vuosi"
"Ahvenanmaa";3;2011;11;6;NA;1;"31.10";"1 vuosi"
"Ahvenanmaa";3;2012;9;7;NA;NA;"31.10";"1 vuosi"
"Ahvenanmaa";3;2013;9;6;NA;NA;"31.10";"1 vuosi"
"Ahvenanmaa";3;2014;16;8;NA;NA;"31.10";"1 vuosi"
"Ahvenanmaa";3;2015;4;4;NA;NA;"31.10";"1 vuosi"
"Ahvenanmaa";3;2016;8;6;NA;NA;"31.10";"1 vuosi"
"Ahvenanmaa";3;2017;14;10;NA;NA;"31.10";"1 vuosi"
"Ahvenanmaa";3;2018;8;5;NA;1;"31.10";"1 vuosi"
"Ahvenanmaa";3;2019;5;5;NA;1;"31.10";"1 vuosi"
"Ahvenanmaa";4;2010;12;9;NA;1;"31.10";"1 vuosi"
"Ahvenanmaa";4;2011;8;5;NA;NA;"31.10";"1 vuosi"
"Ahvenanmaa";4;2012;4;1;NA;NA;"31.10";"1 vuosi"
"Ahvenanmaa";4;2013;2;2;NA;NA;"31.10";"1 vuosi"
"Ahvenanmaa";4;2014;6;3;NA;NA;"31.10";"1 vuosi"
"Ahvenanmaa";4;2015;5;1;NA;NA;"31.10";"1 vuosi"
"Ahvenanmaa";4;2016;3;1;NA;NA;"31.10";"1 vuosi"
"Ahvenanmaa";4;2017;6;4;NA;NA;"31.10";"1 vuosi"
"Ahvenanmaa";4;2018;6;4;NA;NA;"31.10";"1 vuosi"
"Ahvenanmaa";4;2019;5;3;NA;NA;"31.10";"1 vuosi"
"Ahvenanmaa";6;2010;1;1;NA;NA;"31.10";"1 vuosi"
"Ahvenanmaa";6;2011;1;1;NA;NA;"31.10";"1 vuosi"
"Ahvenanmaa";6;2015;3;NA;NA;NA;"31.10";"1 vuosi"
"Ahvenanmaa";6;2018;1;1;NA;NA;"31.10";"1 vuosi"
"Ahvenanmaa";7;2010;9;5;NA;NA;"31.10";"1 vuosi"
"Ahvenanmaa";7;2011;5;4;NA;NA;"31.10";"1 vuosi"
"Ahvenanmaa";7;2012;7;5;NA;NA;"31.10";"1 vuosi"
"Ahvenanmaa";7;2013;4;2;NA;NA;"31.10";"1 vuosi"
"Ahvenanmaa";7;2014;4;4;NA;NA;"31.10";"1 vuosi"
"Ahvenanmaa";7;2015;4;1;NA;NA;"31.10";"1 vuosi"
"Ahvenanmaa";7;2016;2;2;1;NA;"31.10";"1 vuosi"
"Ahvenanmaa";7;2017;8;7;NA;NA;"31.10";"1 vuosi"
"Ahvenanmaa";7;2018;10;10;NA;NA;"31.10";"1 vuosi"
"Ahvenanmaa";7;2019;9;6;NA;NA;"31.10";"1 vuosi"
"Etelä-Karjalan SHP";1;2010;211;175;53;41;"31.10";"1 vuosi"
"Etelä-Karjalan SHP";1;2011;492;423;124;93;"31.10";"1 vuosi"
"Etelä-Karjalan SHP";1;2012;625;543;162;129;"31.10";"1 vuosi"
"Etelä-Karjalan SHP";1;2013;717;615;180;139;"31.10";"1 vuosi"
"Etelä-Karjalan SHP";1;2014;789;658;170;158;"31.10";"1 vuosi"
"Etelä-Karjalan SHP";1;2015;752;637;179;153;"31.10";"1 vuosi"
"Etelä-Karjalan SHP";1;2016;743;633;186;168;"31.10";"1 vuosi"
"Etelä-Karjalan SHP";1;2017;728;616;180;176;"31.10";"1 vuosi"
"Etelä-Karjalan SHP";1;2018;755;632;194;190;"31.10";"1 vuosi"
"Etelä-Karjalan SHP";1;2019;754;637;188;203;"31.10";"1 vuosi"
"Etelä-Karjalan SHP";2;2010;24;19;3;6;"31.10";"1 vuosi"
"Etelä-Karjalan SHP";2;2011;33;30;2;3;"31.10";"1 vuosi"
"Etelä-Karjalan SHP";2;2012;56;47;7;5;"31.10";"1 vuosi"
"Etelä-Karjalan SHP";2;2013;55;47;4;5;"31.10";"1 vuosi"
"Etelä-Karjalan SHP";2;2014;47;37;3;7;"31.10";"1 vuosi"
"Etelä-Karjalan SHP";2;2015;50;38;5;5;"31.10";"1 vuosi"
"Etelä-Karjalan SHP";2;2016;58;46;6;9;"31.10";"1 vuosi"
"Etelä-Karjalan SHP";2;2017;53;42;5;7;"31.10";"1 vuosi"
"Etelä-Karjalan SHP";2;2018;58;49;6;12;"31.10";"1 vuosi"
"Etelä-Karjalan SHP";2;2019;61;48;7;12;"31.10";"1 vuosi"
"Etelä-Karjalan SHP";3;2010;37;28;NA;3;"31.10";"1 vuosi"
"Etelä-Karjalan SHP";3;2011;60;40;3;8;"31.10";"1 vuosi"
"Etelä-Karjalan SHP";3;2012;78;61;2;7;"31.10";"1 vuosi"
"Etelä-Karjalan SHP";3;2013;102;78;2;7;"31.10";"1 vuosi"
"Etelä-Karjalan SHP";3;2014;111;79;NA;12;"31.10";"1 vuosi"
"Etelä-Karjalan SHP";3;2015;106;71;NA;14;"31.10";"1 vuosi"
"Etelä-Karjalan SHP";3;2016;93;69;1;16;"31.10";"1 vuosi"
"Etelä-Karjalan SHP";3;2017;100;71;1;11;"31.10";"1 vuosi"
"Etelä-Karjalan SHP";3;2018;85;60;NA;8;"31.10";"1 vuosi"
"Etelä-Karjalan SHP";3;2019;102;74;4;14;"31.10";"1 vuosi"
"Etelä-Karjalan SHP";4;2010;20;12;NA;1;"31.10";"1 vuosi"
"Etelä-Karjalan SHP";4;2011;34;27;1;3;"31.10";"1 vuosi"
"Etelä-Karjalan SHP";4;2012;41;34;2;4;"31.10";"1 vuosi"
"Etelä-Karjalan SHP";4;2013;56;41;3;3;"31.10";"1 vuosi"
"Etelä-Karjalan SHP";4;2014;41;30;1;2;"31.10";"1 vuosi"
"Etelä-Karjalan SHP";4;2015;41;27;1;3;"31.10";"1 vuosi"
"Etelä-Karjalan SHP";4;2016;37;30;1;4;"31.10";"1 vuosi"
"Etelä-Karjalan SHP";4;2017;45;32;NA;3;"31.10";"1 vuosi"
"Etelä-Karjalan SHP";4;2018;41;31;1;4;"31.10";"1 vuosi"
"Etelä-Karjalan SHP";4;2019;30;23;NA;2;"31.10";"1 vuosi"
"Etelä-Karjalan SHP";5;2010;13;7;NA;NA;"31.10";"1 vuosi"
"Etelä-Karjalan SHP";5;2011;53;38;NA;2;"31.10";"1 vuosi"
"Etelä-Karjalan SHP";5;2012;57;37;1;1;"31.10";"1 vuosi"
"Etelä-Karjalan SHP";5;2013;57;39;1;1;"31.10";"1 vuosi"
"Etelä-Karjalan SHP";5;2014;42;24;1;NA;"31.10";"1 vuosi"
"Etelä-Karjalan SHP";5;2015;45;25;NA;1;"31.10";"1 vuosi"
"Etelä-Karjalan SHP";5;2016;36;23;1;2;"31.10";"1 vuosi"
"Etelä-Karjalan SHP";5;2017;32;17;1;2;"31.10";"1 vuosi"
"Etelä-Karjalan SHP";5;2018;35;21;NA;1;"31.10";"1 vuosi"
"Etelä-Karjalan SHP";5;2019;34;19;NA;1;"31.10";"1 vuosi"
"Etelä-Karjalan SHP";6;2010;2;2;2;NA;"31.10";"1 vuosi"
"Etelä-Karjalan SHP";6;2011;6;5;2;NA;"31.10";"1 vuosi"
"Etelä-Karjalan SHP";6;2012;7;6;3;NA;"31.10";"1 vuosi"
"Etelä-Karjalan SHP";6;2013;5;4;2;NA;"31.10";"1 vuosi"
"Etelä-Karjalan SHP";6;2014;7;5;1;1;"31.10";"1 vuosi"
"Etelä-Karjalan SHP";6;2015;9;9;3;NA;"31.10";"1 vuosi"
"Etelä-Karjalan SHP";6;2016;7;7;2;NA;"31.10";"1 vuosi"
"Etelä-Karjalan SHP";6;2017;2;2;NA;NA;"31.10";"1 vuosi"
"Etelä-Karjalan SHP";6;2018;4;2;NA;1;"31.10";"1 vuosi"
"Etelä-Karjalan SHP";6;2019;7;4;NA;2;"31.10";"1 vuosi"
"Etelä-Karjalan SHP";7;2010;19;8;NA;NA;"31.10";"1 vuosi"
"Etelä-Karjalan SHP";7;2011;26;21;1;1;"31.10";"1 vuosi"
"Etelä-Karjalan SHP";7;2012;33;21;4;NA;"31.10";"1 vuosi"
"Etelä-Karjalan SHP";7;2013;46;33;4;3;"31.10";"1 vuosi"
"Etelä-Karjalan SHP";7;2014;63;41;5;5;"31.10";"1 vuosi"
"Etelä-Karjalan SHP";7;2015;39;25;NA;5;"31.10";"1 vuosi"
"Etelä-Karjalan SHP";7;2016;38;22;3;2;"31.10";"1 vuosi"
"Etelä-Karjalan SHP";7;2017;51;37;NA;3;"31.10";"1 vuosi"
"Etelä-Karjalan SHP";7;2018;48;34;1;4;"31.10";"1 vuosi"
"Etelä-Karjalan SHP";7;2019;54;37;2;3;"31.10";"1 vuosi"
"Etelä-Karjalan SHP";8;2011;7;6;NA;3;"31.10";"1 vuosi"
"Etelä-Karjalan SHP";8;2012;41;37;2;7;"31.10";"1 vuosi"
"Etelä-Karjalan SHP";8;2013;94;67;1;15;"31.10";"1 vuosi"
"Etelä-Karjalan SHP";8;2014;75;44;2;6;"31.10";"1 vuosi"
"Etelä-Karjalan SHP";8;2015;67;47;2;4;"31.10";"1 vuosi"
"Etelä-Karjalan SHP";8;2016;54;38;2;4;"31.10";"1 vuosi"
"Etelä-Karjalan SHP";8;2017;53;38;1;5;"31.10";"1 vuosi"
"Etelä-Karjalan SHP";8;2018;52;36;2;5;"31.10";"1 vuosi"
"Etelä-Karjalan SHP";8;2019;47;37;1;2;"31.10";"1 vuosi"
"Etelä-Pohjanmaan SHP";1;2010;332;286;79;47;"31.10";"1 vuosi"
"Etelä-Pohjanmaan SHP";1;2011;358;300;78;63;"31.10";"1 vuosi"
"Etelä-Pohjanmaan SHP";1;2012;531;450;119;92;"31.10";"1 vuosi"
"Etelä-Pohjanmaan SHP";1;2013;625;522;136;100;"31.10";"1 vuosi"
"Etelä-Pohjanmaan SHP";1;2014;762;645;167;130;"31.10";"1 vuosi"
"Etelä-Pohjanmaan SHP";1;2015;739;615;179;137;"31.10";"1 vuosi"
"Etelä-Pohjanmaan SHP";1;2016;724;605;180;154;"31.10";"1 vuosi"
"Etelä-Pohjanmaan SHP";1;2017;703;575;145;147;"31.10";"1 vuosi"
"Etelä-Pohjanmaan SHP";1;2018;744;596;174;148;"31.10";"1 vuosi"
"Etelä-Pohjanmaan SHP";1;2019;713;596;198;142;"31.10";"1 vuosi"
"Etelä-Pohjanmaan SHP";2;2010;38;30;5;7;"31.10";"1 vuosi"
"Etelä-Pohjanmaan SHP";2;2011;53;45;3;10;"31.10";"1 vuosi"
"Etelä-Pohjanmaan SHP";2;2012;71;61;9;14;"31.10";"1 vuosi"
"Etelä-Pohjanmaan SHP";2;2013;90;76;12;13;"31.10";"1 vuosi"
"Etelä-Pohjanmaan SHP";2;2014;117;96;18;13;"31.10";"1 vuosi"
"Etelä-Pohjanmaan SHP";2;2015;108;93;16;15;"31.10";"1 vuosi"
"Etelä-Pohjanmaan SHP";2;2016;97;82;18;11;"31.10";"1 vuosi"
"Etelä-Pohjanmaan SHP";2;2017;97;79;17;15;"31.10";"1 vuosi"
"Etelä-Pohjanmaan SHP";2;2018;105;92;21;21;"31.10";"1 vuosi"
"Etelä-Pohjanmaan SHP";2;2019;115;100;24;18;"31.10";"1 vuosi"
"Etelä-Pohjanmaan SHP";3;2010;77;62;1;11;"31.10";"1 vuosi"
"Etelä-Pohjanmaan SHP";3;2011;78;56;1;4;"31.10";"1 vuosi"
"Etelä-Pohjanmaan SHP";3;2012;107;86;1;10;"31.10";"1 vuosi"
"Etelä-Pohjanmaan SHP";3;2013;120;93;1;8;"31.10";"1 vuosi"
"Etelä-Pohjanmaan SHP";3;2014;160;121;2;15;"31.10";"1 vuosi"
"Etelä-Pohjanmaan SHP";3;2015;153;114;2;14;"31.10";"1 vuosi"
"Etelä-Pohjanmaan SHP";3;2016;152;110;1;17;"31.10";"1 vuosi"
"Etelä-Pohjanmaan SHP";3;2017;145;107;2;17;"31.10";"1 vuosi"
"Etelä-Pohjanmaan SHP";3;2018;143;102;1;20;"31.10";"1 vuosi"
"Etelä-Pohjanmaan SHP";3;2019;154;106;3;20;"31.10";"1 vuosi"
"Etelä-Pohjanmaan SHP";4;2010;38;35;NA;2;"31.10";"1 vuosi"
"Etelä-Pohjanmaan SHP";4;2011;36;28;NA;NA;"31.10";"1 vuosi"
"Etelä-Pohjanmaan SHP";4;2012;50;36;NA;2;"31.10";"1 vuosi"
"Etelä-Pohjanmaan SHP";4;2013;57;37;NA;NA;"31.10";"1 vuosi"
"Etelä-Pohjanmaan SHP";4;2014;78;56;3;2;"31.10";"1 vuosi"
"Etelä-Pohjanmaan SHP";4;2015;67;45;1;3;"31.10";"1 vuosi"
"Etelä-Pohjanmaan SHP";4;2016;70;49;NA;6;"31.10";"1 vuosi"
"Etelä-Pohjanmaan SHP";4;2017;70;44;1;6;"31.10";"1 vuosi"
"Etelä-Pohjanmaan SHP";4;2018;60;42;NA;5;"31.10";"1 vuosi"
"Etelä-Pohjanmaan SHP";4;2019;72;47;NA;8;"31.10";"1 vuosi"
"Etelä-Pohjanmaan SHP";5;2010;8;5;NA;NA;"31.10";"1 vuosi"
"Etelä-Pohjanmaan SHP";5;2011;12;10;NA;NA;"31.10";"1 vuosi"
"Etelä-Pohjanmaan SHP";5;2012;14;13;NA;1;"31.10";"1 vuosi"
"Etelä-Pohjanmaan SHP";5;2013;22;20;NA;NA;"31.10";"1 vuosi"
"Etelä-Pohjanmaan SHP";5;2014;32;18;1;1;"31.10";"1 vuosi"
"Etelä-Pohjanmaan SHP";5;2015;34;19;1;1;"31.10";"1 vuosi"
"Etelä-Pohjanmaan SHP";5;2016;31;18;1;1;"31.10";"1 vuosi"
"Etelä-Pohjanmaan SHP";5;2017;30;18;NA;NA;"31.10";"1 vuosi"
"Etelä-Pohjanmaan SHP";5;2018;22;13;NA;NA;"31.10";"1 vuosi"
"Etelä-Pohjanmaan SHP";5;2019;20;10;NA;NA;"31.10";"1 vuosi"
"Etelä-Pohjanmaan SHP";6;2010;3;3;NA;1;"31.10";"1 vuosi"
"Etelä-Pohjanmaan SHP";6;2011;2;2;NA;NA;"31.10";"1 vuosi"
"Etelä-Pohjanmaan SHP";6;2012;2;1;NA;NA;"31.10";"1 vuosi"
"Etelä-Pohjanmaan SHP";6;2013;3;3;NA;NA;"31.10";"1 vuosi"
"Etelä-Pohjanmaan SHP";6;2014;5;2;NA;NA;"31.10";"1 vuosi"
"Etelä-Pohjanmaan SHP";6;2015;7;5;NA;NA;"31.10";"1 vuosi"
"Etelä-Pohjanmaan SHP";6;2016;8;8;NA;1;"31.10";"1 vuosi"
"Etelä-Pohjanmaan SHP";6;2017;8;7;NA;1;"31.10";"1 vuosi"
"Etelä-Pohjanmaan SHP";6;2018;5;3;NA;2;"31.10";"1 vuosi"
"Etelä-Pohjanmaan SHP";6;2019;6;4;NA;1;"31.10";"1 vuosi"
"Etelä-Pohjanmaan SHP";7;2010;31;24;NA;3;"31.10";"1 vuosi"
"Etelä-Pohjanmaan SHP";7;2011;47;34;1;NA;"31.10";"1 vuosi"
"Etelä-Pohjanmaan SHP";7;2012;59;46;1;2;"31.10";"1 vuosi"
"Etelä-Pohjanmaan SHP";7;2013;56;45;NA;2;"31.10";"1 vuosi"
"Etelä-Pohjanmaan SHP";7;2014;84;69;1;4;"31.10";"1 vuosi"
"Etelä-Pohjanmaan SHP";7;2015;90;66;1;5;"31.10";"1 vuosi"
"Etelä-Pohjanmaan SHP";7;2016;103;73;NA;11;"31.10";"1 vuosi"
"Etelä-Pohjanmaan SHP";7;2017;115;85;2;13;"31.10";"1 vuosi"
"Etelä-Pohjanmaan SHP";7;2018;123;89;NA;17;"31.10";"1 vuosi"
"Etelä-Pohjanmaan SHP";7;2019;138;109;2;17;"31.10";"1 vuosi"
"Etelä-Pohjanmaan SHP";8;2011;5;5;NA;1;"31.10";"1 vuosi"
"Etelä-Pohjanmaan SHP";8;2012;20;14;1;2;"31.10";"1 vuosi"
"Etelä-Pohjanmaan SHP";8;2013;27;19;1;1;"31.10";"1 vuosi"
"Etelä-Pohjanmaan SHP";8;2014;21;16;1;2;"31.10";"1 vuosi"
"Etelä-Pohjanmaan SHP";8;2015;14;9;NA;2;"31.10";"1 vuosi"
"Etelä-Pohjanmaan SHP";8;2016;18;14;1;3;"31.10";"1 vuosi"
"Etelä-Pohjanmaan SHP";8;2017;12;10;1;1;"31.10";"1 vuosi"
"Etelä-Pohjanmaan SHP";8;2018;16;15;NA;3;"31.10";"1 vuosi"
"Etelä-Pohjanmaan SHP";8;2019;16;13;NA;3;"31.10";"1 vuosi"
"Etelä-Savon SHP";1;2010;165;127;39;34;"31.10";"1 vuosi"
"Etelä-Savon SHP";1;2011;350;294;106;47;"31.10";"1 vuosi"
"Etelä-Savon SHP";1;2012;418;346;112;67;"31.10";"1 vuosi"
"Etelä-Savon SHP";1;2013;484;398;124;81;"31.10";"1 vuosi"
"Etelä-Savon SHP";1;2014;513;431;141;94;"31.10";"1 vuosi"
"Etelä-Savon SHP";1;2015;459;383;118;110;"31.10";"1 vuosi"
"Etelä-Savon SHP";1;2016;425;349;113;96;"31.10";"1 vuosi"
"Etelä-Savon SHP";1;2017;470;390;148;99;"31.10";"1 vuosi"
"Etelä-Savon SHP";1;2018;430;354;123;91;"31.10";"1 vuosi"
"Etelä-Savon SHP";1;2019;439;357;136;83;"31.10";"1 vuosi"
"Etelä-Savon SHP";2;2010;22;17;4;1;"31.10";"1 vuosi"
"Etelä-Savon SHP";2;2011;50;40;11;4;"31.10";"1 vuosi"
"Etelä-Savon SHP";2;2012;68;52;10;9;"31.10";"1 vuosi"
"Etelä-Savon SHP";2;2013;86;70;15;10;"31.10";"1 vuosi"
"Etelä-Savon SHP";2;2014;85;72;18;9;"31.10";"1 vuosi"
"Etelä-Savon SHP";2;2015;71;58;14;7;"31.10";"1 vuosi"
"Etelä-Savon SHP";2;2016;70;51;9;9;"31.10";"1 vuosi"
"Etelä-Savon SHP";2;2017;77;60;13;7;"31.10";"1 vuosi"
"Etelä-Savon SHP";2;2018;74;64;13;14;"31.10";"1 vuosi"
"Etelä-Savon SHP";2;2019;72;56;11;13;"31.10";"1 vuosi"
"Etelä-Savon SHP";3;2010;38;29;NA;4;"31.10";"1 vuosi"
"Etelä-Savon SHP";3;2011;55;44;NA;6;"31.10";"1 vuosi"
"Etelä-Savon SHP";3;2012;61;44;1;7;"31.10";"1 vuosi"
"Etelä-Savon SHP";3;2013;92;63;1;9;"31.10";"1 vuosi"
"Etelä-Savon SHP";3;2014;88;67;1;12;"31.10";"1 vuosi"
"Etelä-Savon SHP";3;2015;72;49;1;11;"31.10";"1 vuosi"
"Etelä-Savon SHP";3;2016;69;46;1;10;"31.10";"1 vuosi"
"Etelä-Savon SHP";3;2017;61;38;1;7;"31.10";"1 vuosi"
"Etelä-Savon SHP";3;2018;57;37;3;9;"31.10";"1 vuosi"
"Etelä-Savon SHP";3;2019;62;44;NA;11;"31.10";"1 vuosi"
"Etelä-Savon SHP";4;2010;17;11;1;NA;"31.10";"1 vuosi"
"Etelä-Savon SHP";4;2011;29;21;1;NA;"31.10";"1 vuosi"
"Etelä-Savon SHP";4;2012;34;22;1;NA;"31.10";"1 vuosi"
"Etelä-Savon SHP";4;2013;39;23;2;NA;"31.10";"1 vuosi"
"Etelä-Savon SHP";4;2014;40;28;1;1;"31.10";"1 vuosi"
"Etelä-Savon SHP";4;2015;41;30;1;2;"31.10";"1 vuosi"
"Etelä-Savon SHP";4;2016;42;32;1;2;"31.10";"1 vuosi"
"Etelä-Savon SHP";4;2017;47;37;1;1;"31.10";"1 vuosi"
"Etelä-Savon SHP";4;2018;43;28;NA;NA;"31.10";"1 vuosi"
"Etelä-Savon SHP";4;2019;50;39;2;4;"31.10";"1 vuosi"
"Etelä-Savon SHP";5;2010;3;2;NA;NA;"31.10";"1 vuosi"
"Etelä-Savon SHP";5;2011;15;9;NA;NA;"31.10";"1 vuosi"
"Etelä-Savon SHP";5;2012;12;9;NA;NA;"31.10";"1 vuosi"
"Etelä-Savon SHP";5;2013;23;13;NA;1;"31.10";"1 vuosi"
"Etelä-Savon SHP";5;2014;22;14;NA;1;"31.10";"1 vuosi"
"Etelä-Savon SHP";5;2015;11;10;NA;4;"31.10";"1 vuosi"
"Etelä-Savon SHP";5;2016;11;7;NA;NA;"31.10";"1 vuosi"
"Etelä-Savon SHP";5;2017;9;5;NA;NA;"31.10";"1 vuosi"
"Etelä-Savon SHP";5;2018;13;8;NA;1;"31.10";"1 vuosi"
"Etelä-Savon SHP";5;2019;15;8;NA;1;"31.10";"1 vuosi"
"Etelä-Savon SHP";6;2010;3;3;NA;NA;"31.10";"1 vuosi"
"Etelä-Savon SHP";6;2011;1;1;NA;NA;"31.10";"1 vuosi"
"Etelä-Savon SHP";6;2012;2;1;NA;NA;"31.10";"1 vuosi"
"Etelä-Savon SHP";6;2013;1;1;NA;NA;"31.10";"1 vuosi"
"Etelä-Savon SHP";6;2014;1;1;NA;NA;"31.10";"1 vuosi"
"Etelä-Savon SHP";6;2015;2;1;NA;NA;"31.10";"1 vuosi"
"Etelä-Savon SHP";6;2016;3;3;NA;NA;"31.10";"1 vuosi"
"Etelä-Savon SHP";6;2017;3;2;NA;NA;"31.10";"1 vuosi"
"Etelä-Savon SHP";6;2018;6;6;NA;NA;"31.10";"1 vuosi"
"Etelä-Savon SHP";6;2019;12;10;NA;2;"31.10";"1 vuosi"
"Etelä-Savon SHP";7;2010;34;25;2;1;"31.10";"1 vuosi"
"Etelä-Savon SHP";7;2011;36;26;2;2;"31.10";"1 vuosi"
"Etelä-Savon SHP";7;2012;51;30;2;NA;"31.10";"1 vuosi"
"Etelä-Savon SHP";7;2013;53;37;1;1;"31.10";"1 vuosi"
"Etelä-Savon SHP";7;2014;59;41;2;1;"31.10";"1 vuosi"
"Etelä-Savon SHP";7;2015;54;33;1;6;"31.10";"1 vuosi"
"Etelä-Savon SHP";7;2016;60;42;1;7;"31.10";"1 vuosi"
"Etelä-Savon SHP";7;2017;82;54;2;5;"31.10";"1 vuosi"
"Etelä-Savon SHP";7;2018;94;60;5;7;"31.10";"1 vuosi"
"Etelä-Savon SHP";7;2019;83;52;5;11;"31.10";"1 vuosi"
"Etelä-Savon SHP";8;2012;30;27;3;4;"31.10";"1 vuosi"
"Etelä-Savon SHP";8;2013;46;34;3;3;"31.10";"1 vuosi"
"Etelä-Savon SHP";8;2014;36;26;1;1;"31.10";"1 vuosi"
"Etelä-Savon SHP";8;2015;29;24;1;NA;"31.10";"1 vuosi"
"Etelä-Savon SHP";8;2016;23;19;2;NA;"31.10";"1 vuosi"
"Etelä-Savon SHP";8;2017;27;21;3;2;"31.10";"1 vuosi"
"Etelä-Savon SHP";8;2018;22;18;1;NA;"31.10";"1 vuosi"
"Etelä-Savon SHP";8;2019;22;16;NA;2;"31.10";"1 vuosi"
"Helsingin ja Uudenmaan SHP";1;2010;2668;2334;910;369;"31.10";"1 vuosi"
"Helsingin ja Uudenmaan SHP";1;2011;3132;2631;1046;396;"31.10";"1 vuosi"
"Helsingin ja Uudenmaan SHP";1;2012;3409;2820;1108;427;"31.10";"1 vuosi"
"Helsingin ja Uudenmaan SHP";1;2013;3556;2992;1178;426;"31.10";"1 vuosi"
"Helsingin ja Uudenmaan SHP";1;2014;3664;3031;1196;467;"31.10";"1 vuosi"
"Helsingin ja Uudenmaan SHP";1;2015;3740;3089;1199;494;"31.10";"1 vuosi"
"Helsingin ja Uudenmaan SHP";1;2016;3880;3193;1235;521;"31.10";"1 vuosi"
"Helsingin ja Uudenmaan SHP";1;2017;3902;3188;1250;551;"31.10";"1 vuosi"
"Helsingin ja Uudenmaan SHP";1;2018;3871;3138;1246;583;"31.10";"1 vuosi"
"Helsingin ja Uudenmaan SHP";1;2019;3938;3156;1269;602;"31.10";"1 vuosi"
"Helsingin ja Uudenmaan SHP";2;2010;379;315;55;22;"31.10";"1 vuosi"
"Helsingin ja Uudenmaan SHP";2;2011;408;319;55;28;"31.10";"1 vuosi"
"Helsingin ja Uudenmaan SHP";2;2012;427;321;52;26;"31.10";"1 vuosi"
"Helsingin ja Uudenmaan SHP";2;2013;435;332;55;22;"31.10";"1 vuosi"
"Helsingin ja Uudenmaan SHP";2;2014;431;321;48;32;"31.10";"1 vuosi"
"Helsingin ja Uudenmaan SHP";2;2015;433;320;49;35;"31.10";"1 vuosi"
"Helsingin ja Uudenmaan SHP";2;2016;491;377;56;52;"31.10";"1 vuosi"
"Helsingin ja Uudenmaan SHP";2;2017;514;404;57;70;"31.10";"1 vuosi"
"Helsingin ja Uudenmaan SHP";2;2018;541;417;65;69;"31.10";"1 vuosi"
"Helsingin ja Uudenmaan SHP";2;2019;575;443;64;71;"31.10";"1 vuosi"
"Helsingin ja Uudenmaan SHP";3;2010;357;267;8;20;"31.10";"1 vuosi"
"Helsingin ja Uudenmaan SHP";3;2011;431;285;8;15;"31.10";"1 vuosi"
"Helsingin ja Uudenmaan SHP";3;2012;441;303;4;21;"31.10";"1 vuosi"
"Helsingin ja Uudenmaan SHP";3;2013;464;303;6;23;"31.10";"1 vuosi"
"Helsingin ja Uudenmaan SHP";3;2014;470;302;6;19;"31.10";"1 vuosi"
"Helsingin ja Uudenmaan SHP";3;2015;471;308;8;20;"31.10";"1 vuosi"
"Helsingin ja Uudenmaan SHP";3;2016;467;314;11;19;"31.10";"1 vuosi"
"Helsingin ja Uudenmaan SHP";3;2017;497;339;15;27;"31.10";"1 vuosi"
"Helsingin ja Uudenmaan SHP";3;2018;524;343;14;29;"31.10";"1 vuosi"
"Helsingin ja Uudenmaan SHP";3;2019;536;358;14;30;"31.10";"1 vuosi"
"Helsingin ja Uudenmaan SHP";4;2010;194;134;3;5;"31.10";"1 vuosi"
"Helsingin ja Uudenmaan SHP";4;2011;225;160;4;13;"31.10";"1 vuosi"
"Helsingin ja Uudenmaan SHP";4;2012;237;159;2;12;"31.10";"1 vuosi"
"Helsingin ja Uudenmaan SHP";4;2013;267;161;3;8;"31.10";"1 vuosi"
"Helsingin ja Uudenmaan SHP";4;2014;311;194;7;10;"31.10";"1 vuosi"
"Helsingin ja Uudenmaan SHP";4;2015;322;201;5;22;"31.10";"1 vuosi"
"Helsingin ja Uudenmaan SHP";4;2016;338;210;4;24;"31.10";"1 vuosi"
"Helsingin ja Uudenmaan SHP";4;2017;381;247;3;35;"31.10";"1 vuosi"
"Helsingin ja Uudenmaan SHP";4;2018;384;249;7;31;"31.10";"1 vuosi"
"Helsingin ja Uudenmaan SHP";4;2019;413;252;7;30;"31.10";"1 vuosi"
"Helsingin ja Uudenmaan SHP";5;2010;64;42;4;NA;"31.10";"1 vuosi"
"Helsingin ja Uudenmaan SHP";5;2011;64;38;1;2;"31.10";"1 vuosi"
"Helsingin ja Uudenmaan SHP";5;2012;84;53;2;NA;"31.10";"1 vuosi"
"Helsingin ja Uudenmaan SHP";5;2013;92;52;NA;1;"31.10";"1 vuosi"
"Helsingin ja Uudenmaan SHP";5;2014;73;41;2;1;"31.10";"1 vuosi"
"Helsingin ja Uudenmaan SHP";5;2015;67;41;1;2;"31.10";"1 vuosi"
"Helsingin ja Uudenmaan SHP";5;2016;70;47;1;4;"31.10";"1 vuosi"
"Helsingin ja Uudenmaan SHP";5;2017;72;50;1;5;"31.10";"1 vuosi"
"Helsingin ja Uudenmaan SHP";5;2018;71;57;1;11;"31.10";"1 vuosi"
"Helsingin ja Uudenmaan SHP";5;2019;71;53;1;8;"31.10";"1 vuosi"
"Helsingin ja Uudenmaan SHP";6;2010;53;38;1;3;"31.10";"1 vuosi"
"Helsingin ja Uudenmaan SHP";6;2011;56;34;NA;NA;"31.10";"1 vuosi"
"Helsingin ja Uudenmaan SHP";6;2012;55;42;1;2;"31.10";"1 vuosi"
"Helsingin ja Uudenmaan SHP";6;2013;59;41;1;2;"31.10";"1 vuosi"
"Helsingin ja Uudenmaan SHP";6;2014;69;47;NA;3;"31.10";"1 vuosi"
"Helsingin ja Uudenmaan SHP";6;2015;60;37;NA;5;"31.10";"1 vuosi"
"Helsingin ja Uudenmaan SHP";6;2016;62;44;3;4;"31.10";"1 vuosi"
"Helsingin ja Uudenmaan SHP";6;2017;71;48;2;5;"31.10";"1 vuosi"
"Helsingin ja Uudenmaan SHP";6;2018;73;56;2;7;"31.10";"1 vuosi"
"Helsingin ja Uudenmaan SHP";6;2019;75;54;1;7;"31.10";"1 vuosi"
"Helsingin ja Uudenmaan SHP";7;2010;482;320;8;16;"31.10";"1 vuosi"
"Helsingin ja Uudenmaan SHP";7;2011;531;313;10;20;"31.10";"1 vuosi"
"Helsingin ja Uudenmaan SHP";7;2012;548;341;6;16;"31.10";"1 vuosi"
"Helsingin ja Uudenmaan SHP";7;2013;562;330;9;12;"31.10";"1 vuosi"
"Helsingin ja Uudenmaan SHP";7;2014;578;342;11;13;"31.10";"1 vuosi"
"Helsingin ja Uudenmaan SHP";7;2015;621;405;10;32;"31.10";"1 vuosi"
"Helsingin ja Uudenmaan SHP";7;2016;745;456;15;59;"31.10";"1 vuosi"
"Helsingin ja Uudenmaan SHP";7;2017;810;501;18;54;"31.10";"1 vuosi"
"Helsingin ja Uudenmaan SHP";7;2018;806;518;15;56;"31.10";"1 vuosi"
"Helsingin ja Uudenmaan SHP";7;2019;801;502;13;62;"31.10";"1 vuosi"
"Helsingin ja Uudenmaan SHP";8;2011;10;9;1;3;"31.10";"1 vuosi"
"Helsingin ja Uudenmaan SHP";8;2012;36;24;2;4;"31.10";"1 vuosi"
"Helsingin ja Uudenmaan SHP";8;2013;40;25;NA;5;"31.10";"1 vuosi"
"Helsingin ja Uudenmaan SHP";8;2014;49;26;2;3;"31.10";"1 vuosi"
"Helsingin ja Uudenmaan SHP";8;2015;33;20;1;3;"31.10";"1 vuosi"
"Helsingin ja Uudenmaan SHP";8;2016;25;18;NA;2;"31.10";"1 vuosi"
"Helsingin ja Uudenmaan SHP";8;2017;23;17;NA;1;"31.10";"1 vuosi"
"Helsingin ja Uudenmaan SHP";8;2018;17;10;NA;1;"31.10";"1 vuosi"
"Helsingin ja Uudenmaan SHP";8;2019;16;12;NA;3;"31.10";"1 vuosi"
"Helsingin ja Uudenmaan SHP";9;2019;1;1;NA;NA;"31.10";"1 vuosi"
"Helsinki";1;2010;2431;2024;623;349;"31.10";"1 vuosi"
"Helsinki";1;2011;2846;2362;679;451;"31.10";"1 vuosi"
"Helsinki";1;2012;3019;2448;721;481;"31.10";"1 vuosi"
"Helsinki";1;2013;3113;2497;761;513;"31.10";"1 vuosi"
"Helsinki";1;2014;3244;2599;817;531;"31.10";"1 vuosi"
"Helsinki";1;2015;3328;2672;849;597;"31.10";"1 vuosi"
"Helsinki";1;2016;3382;2725;856;664;"31.10";"1 vuosi"
"Helsinki";1;2017;3395;2733;889;698;"31.10";"1 vuosi"
"Helsinki";1;2018;3396;2726;907;732;"31.10";"1 vuosi"
"Helsinki";1;2019;3374;2694;897;736;"31.10";"1 vuosi"
"Helsinki";2;2010;342;296;52;27;"31.10";"1 vuosi"
"Helsinki";2;2011;386;316;57;25;"31.10";"1 vuosi"
"Helsinki";2;2012;421;338;61;36;"31.10";"1 vuosi"
"Helsinki";2;2013;440;360;59;39;"31.10";"1 vuosi"
"Helsinki";2;2014;465;364;61;49;"31.10";"1 vuosi"
"Helsinki";2;2015;465;370;68;64;"31.10";"1 vuosi"
"Helsinki";2;2016;474;383;75;55;"31.10";"1 vuosi"
"Helsinki";2;2017;514;396;75;66;"31.10";"1 vuosi"
"Helsinki";2;2018;512;404;84;61;"31.10";"1 vuosi"
"Helsinki";2;2019;526;404;87;70;"31.10";"1 vuosi"
"Helsinki";3;2010;282;207;4;15;"31.10";"1 vuosi"
"Helsinki";3;2011;374;240;3;11;"31.10";"1 vuosi"
"Helsinki";3;2012;424;261;3;21;"31.10";"1 vuosi"
"Helsinki";3;2013;441;282;3;22;"31.10";"1 vuosi"
"Helsinki";3;2014;439;271;5;21;"31.10";"1 vuosi"
"Helsinki";3;2015;496;308;5;31;"31.10";"1 vuosi"
"Helsinki";3;2016;476;313;8;35;"31.10";"1 vuosi"
"Helsinki";3;2017;459;298;8;39;"31.10";"1 vuosi"
"Helsinki";3;2018;452;278;8;35;"31.10";"1 vuosi"
"Helsinki";3;2019;449;295;8;40;"31.10";"1 vuosi"
"Helsinki";4;2010;199;132;1;3;"31.10";"1 vuosi"
"Helsinki";4;2011;210;132;3;3;"31.10";"1 vuosi"
"Helsinki";4;2012;216;137;5;6;"31.10";"1 vuosi"
"Helsinki";4;2013;285;174;3;8;"31.10";"1 vuosi"
"Helsinki";4;2014;293;181;2;9;"31.10";"1 vuosi"
"Helsinki";4;2015;281;181;6;5;"31.10";"1 vuosi"
"Helsinki";4;2016;299;194;6;18;"31.10";"1 vuosi"
"Helsinki";4;2017;294;187;9;22;"31.10";"1 vuosi"
"Helsinki";4;2018;303;183;3;31;"31.10";"1 vuosi"
"Helsinki";4;2019;312;204;7;28;"31.10";"1 vuosi"
"Helsinki";5;2010;48;28;NA;NA;"31.10";"1 vuosi"
"Helsinki";5;2011;64;43;NA;1;"31.10";"1 vuosi"
"Helsinki";5;2012;76;48;NA;1;"31.10";"1 vuosi"
"Helsinki";5;2013;81;51;NA;2;"31.10";"1 vuosi"
"Helsinki";5;2014;64;36;NA;2;"31.10";"1 vuosi"
"Helsinki";5;2015;49;29;NA;NA;"31.10";"1 vuosi"
"Helsinki";5;2016;47;25;NA;NA;"31.10";"1 vuosi"
"Helsinki";5;2017;35;24;NA;NA;"31.10";"1 vuosi"
"Helsinki";5;2018;48;36;NA;NA;"31.10";"1 vuosi"
"Helsinki";5;2019;50;30;NA;3;"31.10";"1 vuosi"
"Helsinki";6;2010;8;7;NA;1;"31.10";"1 vuosi"
"Helsinki";6;2011;10;8;NA;NA;"31.10";"1 vuosi"
"Helsinki";6;2012;20;13;NA;1;"31.10";"1 vuosi"
"Helsinki";6;2013;22;17;NA;1;"31.10";"1 vuosi"
"Helsinki";6;2014;14;9;NA;1;"31.10";"1 vuosi"
"Helsinki";6;2015;13;8;NA;NA;"31.10";"1 vuosi"
"Helsinki";6;2016;16;8;NA;NA;"31.10";"1 vuosi"
"Helsinki";6;2017;12;8;NA;NA;"31.10";"1 vuosi"
"Helsinki";6;2018;12;7;NA;NA;"31.10";"1 vuosi"
"Helsinki";6;2019;14;5;NA;NA;"31.10";"1 vuosi"
"Helsinki";7;2010;459;288;10;12;"31.10";"1 vuosi"
"Helsinki";7;2011;528;332;12;17;"31.10";"1 vuosi"
"Helsinki";7;2012;534;316;11;16;"31.10";"1 vuosi"
"Helsinki";7;2013;494;304;11;15;"31.10";"1 vuosi"
"Helsinki";7;2014;518;317;16;22;"31.10";"1 vuosi"
"Helsinki";7;2015;532;330;14;33;"31.10";"1 vuosi"
"Helsinki";7;2016;522;327;15;35;"31.10";"1 vuosi"
"Helsinki";7;2017;575;345;14;45;"31.10";"1 vuosi"
"Helsinki";7;2018;614;365;15;60;"31.10";"1 vuosi"
"Helsinki";7;2019;676;411;16;74;"31.10";"1 vuosi"
"Helsinki";8;2011;2;1;NA;1;"31.10";"1 vuosi"
"Helsinki";8;2012;1;1;NA;NA;"31.10";"1 vuosi"
"Helsinki";8;2013;3;NA;NA;NA;"31.10";"1 vuosi"
"Helsinki";8;2014;1;1;NA;1;"31.10";"1 vuosi"
"Helsinki";8;2015;3;2;NA;2;"31.10";"1 vuosi"
"Helsinki";8;2016;1;1;NA;1;"31.10";"1 vuosi"
"Helsinki";8;2017;3;1;NA;1;"31.10";"1 vuosi"
"Helsinki";8;2018;1;1;NA;1;"31.10";"1 vuosi"
"Itä-Savon SHP";1;2010;77;67;17;7;"31.10";"1 vuosi"
"Itä-Savon SHP";1;2011;125;111;38;20;"31.10";"1 vuosi"
"Itä-Savon SHP";1;2012;184;166;48;31;"31.10";"1 vuosi"
"Itä-Savon SHP";1;2013;204;176;44;30;"31.10";"1 vuosi"
"Itä-Savon SHP";1;2014;202;179;49;33;"31.10";"1 vuosi"
"Itä-Savon SHP";1;2015;208;180;52;34;"31.10";"1 vuosi"
"Itä-Savon SHP";1;2016;194;174;48;39;"31.10";"1 vuosi"
"Itä-Savon SHP";1;2017;201;168;51;41;"31.10";"1 vuosi"
"Itä-Savon SHP";1;2018;187;159;47;43;"31.10";"1 vuosi"
"Itä-Savon SHP";1;2019;196;160;53;40;"31.10";"1 vuosi"
"Itä-Savon SHP";2;2010;25;22;3;2;"31.10";"1 vuosi"
"Itä-Savon SHP";2;2011;31;28;3;1;"31.10";"1 vuosi"
"Itä-Savon SHP";2;2012;38;36;4;7;"31.10";"1 vuosi"
"Itä-Savon SHP";2;2013;37;32;5;6;"31.10";"1 vuosi"
"Itä-Savon SHP";2;2014;36;30;6;9;"31.10";"1 vuosi"
"Itä-Savon SHP";2;2015;36;30;8;8;"31.10";"1 vuosi"
"Itä-Savon SHP";2;2016;39;29;8;4;"31.10";"1 vuosi"
"Itä-Savon SHP";2;2017;40;31;11;6;"31.10";"1 vuosi"
"Itä-Savon SHP";2;2018;44;39;10;8;"31.10";"1 vuosi"
"Itä-Savon SHP";2;2019;41;33;8;5;"31.10";"1 vuosi"
"Itä-Savon SHP";3;2010;15;8;NA;NA;"31.10";"1 vuosi"
"Itä-Savon SHP";3;2011;25;18;NA;2;"31.10";"1 vuosi"
"Itä-Savon SHP";3;2012;25;14;NA;2;"31.10";"1 vuosi"
"Itä-Savon SHP";3;2013;24;17;NA;2;"31.10";"1 vuosi"
"Itä-Savon SHP";3;2014;29;17;NA;1;"31.10";"1 vuosi"
"Itä-Savon SHP";3;2015;25;11;NA;1;"31.10";"1 vuosi"
"Itä-Savon SHP";3;2016;19;10;NA;3;"31.10";"1 vuosi"
"Itä-Savon SHP";3;2017;23;14;NA;3;"31.10";"1 vuosi"
"Itä-Savon SHP";3;2018;19;14;NA;3;"31.10";"1 vuosi"
"Itä-Savon SHP";3;2019;18;13;1;3;"31.10";"1 vuosi"
"Itä-Savon SHP";4;2010;6;6;NA;NA;"31.10";"1 vuosi"
"Itä-Savon SHP";4;2011;12;8;NA;1;"31.10";"1 vuosi"
"Itä-Savon SHP";4;2012;15;13;NA;NA;"31.10";"1 vuosi"
"Itä-Savon SHP";4;2013;17;11;NA;NA;"31.10";"1 vuosi"
"Itä-Savon SHP";4;2014;16;10;NA;1;"31.10";"1 vuosi"
"Itä-Savon SHP";4;2015;14;10;NA;1;"31.10";"1 vuosi"
"Itä-Savon SHP";4;2016;15;7;NA;1;"31.10";"1 vuosi"
"Itä-Savon SHP";4;2017;12;6;NA;1;"31.10";"1 vuosi"
"Itä-Savon SHP";4;2018;14;6;NA;NA;"31.10";"1 vuosi"
"Itä-Savon SHP";4;2019;24;14;NA;2;"31.10";"1 vuosi"
"Itä-Savon SHP";5;2010;1;1;NA;NA;"31.10";"1 vuosi"
"Itä-Savon SHP";5;2011;3;2;NA;NA;"31.10";"1 vuosi"
"Itä-Savon SHP";5;2012;5;4;1;NA;"31.10";"1 vuosi"
"Itä-Savon SHP";5;2013;7;5;1;1;"31.10";"1 vuosi"
"Itä-Savon SHP";5;2014;5;2;NA;NA;"31.10";"1 vuosi"
"Itä-Savon SHP";5;2015;4;3;1;1;"31.10";"1 vuosi"
"Itä-Savon SHP";5;2016;2;1;NA;1;"31.10";"1 vuosi"
"Itä-Savon SHP";5;2017;4;4;NA;1;"31.10";"1 vuosi"
"Itä-Savon SHP";5;2018;4;4;NA;NA;"31.10";"1 vuosi"
"Itä-Savon SHP";5;2019;4;3;1;NA;"31.10";"1 vuosi"
"Itä-Savon SHP";6;2010;1;1;NA;NA;"31.10";"1 vuosi"
"Itä-Savon SHP";6;2011;1;NA;NA;NA;"31.10";"1 vuosi"
"Itä-Savon SHP";6;2012;2;1;NA;NA;"31.10";"1 vuosi"
"Itä-Savon SHP";6;2013;1;NA;NA;NA;"31.10";"1 vuosi"
"Itä-Savon SHP";6;2014;4;NA;NA;NA;"31.10";"1 vuosi"
"Itä-Savon SHP";6;2015;1;NA;NA;NA;"31.10";"1 vuosi"
"Itä-Savon SHP";6;2016;4;1;NA;NA;"31.10";"1 vuosi"
"Itä-Savon SHP";6;2017;1;1;NA;NA;"31.10";"1 vuosi"
"Itä-Savon SHP";6;2018;3;2;NA;NA;"31.10";"1 vuosi"
"Itä-Savon SHP";6;2019;3;2;NA;1;"31.10";"1 vuosi"
"Itä-Savon SHP";7;2010;11;7;NA;NA;"31.10";"1 vuosi"
"Itä-Savon SHP";7;2011;11;6;1;NA;"31.10";"1 vuosi"
"Itä-Savon SHP";7;2012;13;11;1;1;"31.10";"1 vuosi"
"Itä-Savon SHP";7;2013;17;13;1;2;"31.10";"1 vuosi"
"Itä-Savon SHP";7;2014;21;13;2;NA;"31.10";"1 vuosi"
"Itä-Savon SHP";7;2015;21;13;1;NA;"31.10";"1 vuosi"
"Itä-Savon SHP";7;2016;22;13;1;1;"31.10";"1 vuosi"
"Itä-Savon SHP";7;2017;26;12;1;1;"31.10";"1 vuosi"
"Itä-Savon SHP";7;2018;18;10;1;NA;"31.10";"1 vuosi"
"Itä-Savon SHP";7;2019;24;16;1;2;"31.10";"1 vuosi"
"Itä-Savon SHP";8;2012;15;11;NA;1;"31.10";"1 vuosi"
"Itä-Savon SHP";8;2013;23;16;1;3;"31.10";"1 vuosi"
"Itä-Savon SHP";8;2014;28;16;1;NA;"31.10";"1 vuosi"
"Itä-Savon SHP";8;2015;12;10;1;3;"31.10";"1 vuosi"
"Itä-Savon SHP";8;2016;5;2;NA;1;"31.10";"1 vuosi"
"Itä-Savon SHP";8;2017;7;7;NA;1;"31.10";"1 vuosi"
"Itä-Savon SHP";8;2018;2;1;NA;NA;"31.10";"1 vuosi"
"Itä-Savon SHP";8;2019;9;7;NA;NA;"31.10";"1 vuosi"
"Kainuun SHP";1;2010;147;112;18;36;"31.10";"1 vuosi"
"Kainuun SHP";1;2011;160;126;20;32;"31.10";"1 vuosi"
"Kainuun SHP";1;2012;193;145;24;37;"31.10";"1 vuosi"
"Kainuun SHP";1;2013;209;164;32;47;"31.10";"1 vuosi"
"Kainuun SHP";1;2014;206;159;36;43;"31.10";"1 vuosi"
"Kainuun SHP";1;2015;300;246;56;68;"31.10";"1 vuosi"
"Kainuun SHP";1;2016;293;242;51;79;"31.10";"1 vuosi"
"Kainuun SHP";1;2017;316;262;60;85;"31.10";"1 vuosi"
"Kainuun SHP";1;2018;198;160;40;68;"31.10";"1 vuosi"
"Kainuun SHP";1;2019;219;175;44;58;"31.10";"1 vuosi"
"Kainuun SHP";2;2010;13;8;2;NA;"31.10";"1 vuosi"
"Kainuun SHP";2;2011;20;15;3;NA;"31.10";"1 vuosi"
"Kainuun SHP";2;2012;18;10;2;2;"31.10";"1 vuosi"
"Kainuun SHP";2;2013;16;12;3;2;"31.10";"1 vuosi"
"Kainuun SHP";2;2014;15;10;2;3;"31.10";"1 vuosi"
"Kainuun SHP";2;2015;25;19;2;5;"31.10";"1 vuosi"
"Kainuun SHP";2;2016;23;18;2;6;"31.10";"1 vuosi"
"Kainuun SHP";2;2017;28;19;3;6;"31.10";"1 vuosi"
"Kainuun SHP";2;2018;18;17;3;8;"31.10";"1 vuosi"
"Kainuun SHP";2;2019;19;14;3;4;"31.10";"1 vuosi"
"Kainuun SHP";3;2010;21;14;1;2;"31.10";"1 vuosi"
"Kainuun SHP";3;2011;34;26;1;4;"31.10";"1 vuosi"
"Kainuun SHP";3;2012;30;18;NA;4;"31.10";"1 vuosi"
"Kainuun SHP";3;2013;27;17;NA;2;"31.10";"1 vuosi"
"Kainuun SHP";3;2014;27;18;NA;1;"31.10";"1 vuosi"
"Kainuun SHP";3;2015;55;40;NA;3;"31.10";"1 vuosi"
"Kainuun SHP";3;2016;39;30;NA;3;"31.10";"1 vuosi"
"Kainuun SHP";3;2017;39;27;1;6;"31.10";"1 vuosi"
"Kainuun SHP";3;2018;28;18;1;4;"31.10";"1 vuosi"
"Kainuun SHP";3;2019;25;14;NA;NA;"31.10";"1 vuosi"
"Kainuun SHP";4;2010;19;11;1;1;"31.10";"1 vuosi"
"Kainuun SHP";4;2011;17;10;1;NA;"31.10";"1 vuosi"
"Kainuun SHP";4;2012;22;16;2;NA;"31.10";"1 vuosi"
"Kainuun SHP";4;2013;23;16;2;NA;"31.10";"1 vuosi"
"Kainuun SHP";4;2014;22;15;1;NA;"31.10";"1 vuosi"
"Kainuun SHP";4;2015;20;13;NA;2;"31.10";"1 vuosi"
"Kainuun SHP";4;2016;21;15;NA;1;"31.10";"1 vuosi"
"Kainuun SHP";4;2017;22;13;NA;3;"31.10";"1 vuosi"
"Kainuun SHP";4;2018;13;10;NA;3;"31.10";"1 vuosi"
"Kainuun SHP";4;2019;7;3;NA;1;"31.10";"1 vuosi"
"Kainuun SHP";5;2010;6;5;NA;1;"31.10";"1 vuosi"
"Kainuun SHP";5;2011;5;4;NA;2;"31.10";"1 vuosi"
"Kainuun SHP";5;2012;8;6;NA;1;"31.10";"1 vuosi"
"Kainuun SHP";5;2013;9;3;NA;NA;"31.10";"1 vuosi"
"Kainuun SHP";5;2014;7;5;NA;1;"31.10";"1 vuosi"
"Kainuun SHP";5;2015;5;3;NA;1;"31.10";"1 vuosi"
"Kainuun SHP";5;2016;9;4;NA;NA;"31.10";"1 vuosi"
"Kainuun SHP";5;2017;12;9;NA;NA;"31.10";"1 vuosi"
"Kainuun SHP";5;2018;5;4;NA;NA;"31.10";"1 vuosi"
"Kainuun SHP";5;2019;8;6;NA;NA;"31.10";"1 vuosi"
"Kainuun SHP";6;2010;5;3;NA;NA;"31.10";"1 vuosi"
"Kainuun SHP";6;2011;6;3;NA;NA;"31.10";"1 vuosi"
"Kainuun SHP";6;2012;5;4;NA;1;"31.10";"1 vuosi"
"Kainuun SHP";6;2013;6;5;NA;1;"31.10";"1 vuosi"
"Kainuun SHP";6;2014;9;5;NA;NA;"31.10";"1 vuosi"
"Kainuun SHP";6;2015;8;7;NA;NA;"31.10";"1 vuosi"
"Kainuun SHP";6;2016;6;4;NA;NA;"31.10";"1 vuosi"
"Kainuun SHP";6;2017;6;3;NA;NA;"31.10";"1 vuosi"
"Kainuun SHP";6;2018;3;2;NA;NA;"31.10";"1 vuosi"
"Kainuun SHP";6;2019;2;1;NA;NA;"31.10";"1 vuosi"
"Kainuun SHP";7;2010;69;47;1;1;"31.10";"1 vuosi"
"Kainuun SHP";7;2011;72;48;NA;1;"31.10";"1 vuosi"
"Kainuun SHP";7;2012;80;51;2;4;"31.10";"1 vuosi"
"Kainuun SHP";7;2013;78;53;2;2;"31.10";"1 vuosi"
"Kainuun SHP";7;2014;89;55;2;4;"31.10";"1 vuosi"
"Kainuun SHP";7;2015;95;58;3;4;"31.10";"1 vuosi"
"Kainuun SHP";7;2016;82;57;4;2;"31.10";"1 vuosi"
"Kainuun SHP";7;2017;78;53;1;6;"31.10";"1 vuosi"
"Kainuun SHP";7;2018;43;30;1;6;"31.10";"1 vuosi"
"Kainuun SHP";7;2019;39;21;1;1;"31.10";"1 vuosi"
"Kainuun SHP";8;2012;1;NA;NA;NA;"31.10";"1 vuosi"
"Kainuun SHP";8;2013;2;NA;NA;NA;"31.10";"1 vuosi"
"Kainuun SHP";8;2014;1;NA;NA;NA;"31.10";"1 vuosi"
"Kainuun SHP";8;2015;28;23;1;3;"31.10";"1 vuosi"
"Kainuun SHP";8;2016;28;22;1;3;"31.10";"1 vuosi"
"Kainuun SHP";8;2017;22;16;NA;3;"31.10";"1 vuosi"
"Kainuun SHP";8;2018;6;5;NA;2;"31.10";"1 vuosi"
"Kainuun SHP";8;2019;6;3;NA;2;"31.10";"1 vuosi"
"Kanta-Hämeen SHP";1;2010;324;276;95;46;"31.10";"1 vuosi"
"Kanta-Hämeen SHP";1;2011;414;355;107;56;"31.10";"1 vuosi"
"Kanta-Hämeen SHP";1;2012;498;431;115;77;"31.10";"1 vuosi"
"Kanta-Hämeen SHP";1;2013;501;430;118;76;"31.10";"1 vuosi"
"Kanta-Hämeen SHP";1;2014;489;416;119;74;"31.10";"1 vuosi"
"Kanta-Hämeen SHP";1;2015;540;452;150;83;"31.10";"1 vuosi"
"Kanta-Hämeen SHP";1;2016;505;414;139;81;"31.10";"1 vuosi"
"Kanta-Hämeen SHP";1;2017;525;446;165;89;"31.10";"1 vuosi"
"Kanta-Hämeen SHP";1;2018;516;435;153;83;"31.10";"1 vuosi"
"Kanta-Hämeen SHP";1;2019;522;435;164;84;"31.10";"1 vuosi"
"Kanta-Hämeen SHP";2;2010;52;47;8;3;"31.10";"1 vuosi"
"Kanta-Hämeen SHP";2;2011;47;34;6;3;"31.10";"1 vuosi"
"Kanta-Hämeen SHP";2;2012;62;55;5;9;"31.10";"1 vuosi"
"Kanta-Hämeen SHP";2;2013;60;47;6;7;"31.10";"1 vuosi"
"Kanta-Hämeen SHP";2;2014;64;50;5;7;"31.10";"1 vuosi"
"Kanta-Hämeen SHP";2;2015;56;43;4;8;"31.10";"1 vuosi"
"Kanta-Hämeen SHP";2;2016;56;40;4;7;"31.10";"1 vuosi"
"Kanta-Hämeen SHP";2;2017;53;43;7;10;"31.10";"1 vuosi"
"Kanta-Hämeen SHP";2;2018;49;39;5;9;"31.10";"1 vuosi"
"Kanta-Hämeen SHP";2;2019;64;50;10;8;"31.10";"1 vuosi"
"Kanta-Hämeen SHP";3;2010;53;40;3;3;"31.10";"1 vuosi"
"Kanta-Hämeen SHP";3;2011;83;61;2;5;"31.10";"1 vuosi"
"Kanta-Hämeen SHP";3;2012;83;60;4;8;"31.10";"1 vuosi"
"Kanta-Hämeen SHP";3;2013;87;66;2;6;"31.10";"1 vuosi"
"Kanta-Hämeen SHP";3;2014;78;56;2;8;"31.10";"1 vuosi"
"Kanta-Hämeen SHP";3;2015;95;67;3;10;"31.10";"1 vuosi"
"Kanta-Hämeen SHP";3;2016;95;61;4;6;"31.10";"1 vuosi"
"Kanta-Hämeen SHP";3;2017;71;53;3;9;"31.10";"1 vuosi"
"Kanta-Hämeen SHP";3;2018;85;61;5;6;"31.10";"1 vuosi"
"Kanta-Hämeen SHP";3;2019;98;66;4;6;"31.10";"1 vuosi"
"Kanta-Hämeen SHP";4;2010;55;41;2;NA;"31.10";"1 vuosi"
"Kanta-Hämeen SHP";4;2011;63;46;1;NA;"31.10";"1 vuosi"
"Kanta-Hämeen SHP";4;2012;75;55;1;3;"31.10";"1 vuosi"
"Kanta-Hämeen SHP";4;2013;64;46;1;4;"31.10";"1 vuosi"
"Kanta-Hämeen SHP";4;2014;71;51;2;2;"31.10";"1 vuosi"
"Kanta-Hämeen SHP";4;2015;72;44;NA;3;"31.10";"1 vuosi"
"Kanta-Hämeen SHP";4;2016;62;45;NA;6;"31.10";"1 vuosi"
"Kanta-Hämeen SHP";4;2017;74;52;1;5;"31.10";"1 vuosi"
"Kanta-Hämeen SHP";4;2018;60;48;NA;5;"31.10";"1 vuosi"
"Kanta-Hämeen SHP";4;2019;65;40;1;5;"31.10";"1 vuosi"
"Kanta-Hämeen SHP";5;2010;19;16;NA;2;"31.10";"1 vuosi"
"Kanta-Hämeen SHP";5;2011;16;11;NA;1;"31.10";"1 vuosi"
"Kanta-Hämeen SHP";5;2012;21;14;NA;1;"31.10";"1 vuosi"
"Kanta-Hämeen SHP";5;2013;26;17;1;1;"31.10";"1 vuosi"
"Kanta-Hämeen SHP";5;2014;30;17;NA;1;"31.10";"1 vuosi"
"Kanta-Hämeen SHP";5;2015;22;13;NA;NA;"31.10";"1 vuosi"
"Kanta-Hämeen SHP";5;2016;23;10;NA;NA;"31.10";"1 vuosi"
"Kanta-Hämeen SHP";5;2017;19;13;NA;1;"31.10";"1 vuosi"
"Kanta-Hämeen SHP";5;2018;16;6;NA;1;"31.10";"1 vuosi"
"Kanta-Hämeen SHP";5;2019;20;8;1;2;"31.10";"1 vuosi"
"Kanta-Hämeen SHP";6;2010;7;6;NA;NA;"31.10";"1 vuosi"
"Kanta-Hämeen SHP";6;2011;6;5;NA;NA;"31.10";"1 vuosi"
"Kanta-Hämeen SHP";6;2012;12;12;NA;NA;"31.10";"1 vuosi"
"Kanta-Hämeen SHP";6;2013;7;4;NA;NA;"31.10";"1 vuosi"
"Kanta-Hämeen SHP";6;2014;7;4;NA;NA;"31.10";"1 vuosi"
"Kanta-Hämeen SHP";6;2015;13;8;2;NA;"31.10";"1 vuosi"
"Kanta-Hämeen SHP";6;2016;15;11;3;2;"31.10";"1 vuosi"
"Kanta-Hämeen SHP";6;2017;15;9;1;NA;"31.10";"1 vuosi"
"Kanta-Hämeen SHP";6;2018;12;8;2;NA;"31.10";"1 vuosi"
"Kanta-Hämeen SHP";6;2019;12;12;2;NA;"31.10";"1 vuosi"
"Kanta-Hämeen SHP";7;2010;79;59;4;NA;"31.10";"1 vuosi"
"Kanta-Hämeen SHP";7;2011;76;54;3;3;"31.10";"1 vuosi"
"Kanta-Hämeen SHP";7;2012;86;61;4;1;"31.10";"1 vuosi"
"Kanta-Hämeen SHP";7;2013;95;68;3;4;"31.10";"1 vuosi"
"Kanta-Hämeen SHP";7;2014;92;62;NA;3;"31.10";"1 vuosi"
"Kanta-Hämeen SHP";7;2015;108;74;3;2;"31.10";"1 vuosi"
"Kanta-Hämeen SHP";7;2016;107;67;5;5;"31.10";"1 vuosi"
"Kanta-Hämeen SHP";7;2017;122;81;5;10;"31.10";"1 vuosi"
"Kanta-Hämeen SHP";7;2018;124;83;7;10;"31.10";"1 vuosi"
"Kanta-Hämeen SHP";7;2019;120;82;5;6;"31.10";"1 vuosi"
"Kanta-Hämeen SHP";8;2011;4;4;NA;2;"31.10";"1 vuosi"
"Kanta-Hämeen SHP";8;2012;13;11;1;1;"31.10";"1 vuosi"
"Kanta-Hämeen SHP";8;2013;13;9;NA;1;"31.10";"1 vuosi"
"Kanta-Hämeen SHP";8;2014;14;9;NA;1;"31.10";"1 vuosi"
"Kanta-Hämeen SHP";8;2015;26;14;2;2;"31.10";"1 vuosi"
"Kanta-Hämeen SHP";8;2016;14;10;2;1;"31.10";"1 vuosi"
"Kanta-Hämeen SHP";8;2017;12;7;2;1;"31.10";"1 vuosi"
"Kanta-Hämeen SHP";8;2018;10;7;2;NA;"31.10";"1 vuosi"
"Kanta-Hämeen SHP";8;2019;12;7;1;1;"31.10";"1 vuosi"
"Keski-Pohjanmaan SHP";1;2010;251;224;58;43;"31.10";"1 vuosi"
"Keski-Pohjanmaan SHP";1;2011;268;242;61;47;"31.10";"1 vuosi"
"Keski-Pohjanmaan SHP";1;2012;273;236;60;45;"31.10";"1 vuosi"
"Keski-Pohjanmaan SHP";1;2013;322;274;72;51;"31.10";"1 vuosi"
"Keski-Pohjanmaan SHP";1;2014;310;250;73;40;"31.10";"1 vuosi"
"Keski-Pohjanmaan SHP";1;2015;324;265;78;52;"31.10";"1 vuosi"
"Keski-Pohjanmaan SHP";1;2016;320;258;83;57;"31.10";"1 vuosi"
"Keski-Pohjanmaan SHP";1;2017;311;244;71;57;"31.10";"1 vuosi"
"Keski-Pohjanmaan SHP";1;2018;308;249;64;60;"31.10";"1 vuosi"
"Keski-Pohjanmaan SHP";1;2019;344;290;85;65;"31.10";"1 vuosi"
"Keski-Pohjanmaan SHP";2;2010;39;33;5;4;"31.10";"1 vuosi"
"Keski-Pohjanmaan SHP";2;2011;41;37;9;5;"31.10";"1 vuosi"
"Keski-Pohjanmaan SHP";2;2012;38;31;8;2;"31.10";"1 vuosi"
"Keski-Pohjanmaan SHP";2;2013;46;34;9;3;"31.10";"1 vuosi"
"Keski-Pohjanmaan SHP";2;2014;38;28;8;4;"31.10";"1 vuosi"
"Keski-Pohjanmaan SHP";2;2015;31;24;7;4;"31.10";"1 vuosi"
"Keski-Pohjanmaan SHP";2;2016;35;29;6;5;"31.10";"1 vuosi"
"Keski-Pohjanmaan SHP";2;2017;36;27;5;7;"31.10";"1 vuosi"
"Keski-Pohjanmaan SHP";2;2018;29;19;4;7;"31.10";"1 vuosi"
"Keski-Pohjanmaan SHP";2;2019;32;23;5;7;"31.10";"1 vuosi"
"Keski-Pohjanmaan SHP";3;2010;74;63;3;3;"31.10";"1 vuosi"
"Keski-Pohjanmaan SHP";3;2011;65;48;2;NA;"31.10";"1 vuosi"
"Keski-Pohjanmaan SHP";3;2012;66;45;3;NA;"31.10";"1 vuosi"
"Keski-Pohjanmaan SHP";3;2013;62;36;3;1;"31.10";"1 vuosi"
"Keski-Pohjanmaan SHP";3;2014;59;46;6;5;"31.10";"1 vuosi"
"Keski-Pohjanmaan SHP";3;2015;47;32;2;4;"31.10";"1 vuosi"
"Keski-Pohjanmaan SHP";3;2016;44;24;1;3;"31.10";"1 vuosi"
"Keski-Pohjanmaan SHP";3;2017;59;40;1;9;"31.10";"1 vuosi"
"Keski-Pohjanmaan SHP";3;2018;58;36;2;7;"31.10";"1 vuosi"
"Keski-Pohjanmaan SHP";3;2019;54;37;2;5;"31.10";"1 vuosi"
"Keski-Pohjanmaan SHP";4;2010;42;30;2;2;"31.10";"1 vuosi"
"Keski-Pohjanmaan SHP";4;2011;47;30;2;3;"31.10";"1 vuosi"
"Keski-Pohjanmaan SHP";4;2012;38;19;1;NA;"31.10";"1 vuosi"
"Keski-Pohjanmaan SHP";4;2013;46;31;1;1;"31.10";"1 vuosi"
"Keski-Pohjanmaan SHP";4;2014;53;32;1;3;"31.10";"1 vuosi"
"Keski-Pohjanmaan SHP";4;2015;48;30;1;4;"31.10";"1 vuosi"
"Keski-Pohjanmaan SHP";4;2016;48;29;1;3;"31.10";"1 vuosi"
"Keski-Pohjanmaan SHP";4;2017;46;31;1;6;"31.10";"1 vuosi"
"Keski-Pohjanmaan SHP";4;2018;51;32;2;3;"31.10";"1 vuosi"
"Keski-Pohjanmaan SHP";4;2019;43;28;2;4;"31.10";"1 vuosi"
"Keski-Pohjanmaan SHP";5;2010;17;13;1;1;"31.10";"1 vuosi"
"Keski-Pohjanmaan SHP";5;2011;16;13;1;1;"31.10";"1 vuosi"
"Keski-Pohjanmaan SHP";5;2012;16;13;1;1;"31.10";"1 vuosi"
"Keski-Pohjanmaan SHP";5;2013;14;10;NA;1;"31.10";"1 vuosi"
"Keski-Pohjanmaan SHP";5;2014;21;14;NA;1;"31.10";"1 vuosi"
"Keski-Pohjanmaan SHP";5;2015;19;13;NA;1;"31.10";"1 vuosi"
"Keski-Pohjanmaan SHP";5;2016;19;15;NA;1;"31.10";"1 vuosi"
"Keski-Pohjanmaan SHP";5;2017;14;8;NA;1;"31.10";"1 vuosi"
"Keski-Pohjanmaan SHP";5;2018;14;9;NA;1;"31.10";"1 vuosi"
"Keski-Pohjanmaan SHP";5;2019;12;8;NA;1;"31.10";"1 vuosi"
"Keski-Pohjanmaan SHP";6;2010;1;1;NA;NA;"31.10";"1 vuosi"
"Keski-Pohjanmaan SHP";6;2011;1;NA;NA;NA;"31.10";"1 vuosi"
"Keski-Pohjanmaan SHP";6;2012;1;NA;NA;NA;"31.10";"1 vuosi"
"Keski-Pohjanmaan SHP";6;2013;4;2;1;NA;"31.10";"1 vuosi"
"Keski-Pohjanmaan SHP";6;2014;2;2;NA;NA;"31.10";"1 vuosi"
"Keski-Pohjanmaan SHP";6;2015;3;1;NA;NA;"31.10";"1 vuosi"
"Keski-Pohjanmaan SHP";6;2016;2;1;NA;NA;"31.10";"1 vuosi"
"Keski-Pohjanmaan SHP";6;2017;2;2;NA;NA;"31.10";"1 vuosi"
"Keski-Pohjanmaan SHP";6;2018;3;1;NA;NA;"31.10";"1 vuosi"
"Keski-Pohjanmaan SHP";6;2019;3;1;NA;NA;"31.10";"1 vuosi"
"Keski-Pohjanmaan SHP";7;2010;22;14;1;NA;"31.10";"1 vuosi"
"Keski-Pohjanmaan SHP";7;2011;21;12;NA;NA;"31.10";"1 vuosi"
"Keski-Pohjanmaan SHP";7;2012;21;12;NA;NA;"31.10";"1 vuosi"
"Keski-Pohjanmaan SHP";7;2013;24;13;1;NA;"31.10";"1 vuosi"
"Keski-Pohjanmaan SHP";7;2014;21;13;NA;2;"31.10";"1 vuosi"
"Keski-Pohjanmaan SHP";7;2015;16;11;1;1;"31.10";"1 vuosi"
"Keski-Pohjanmaan SHP";7;2016;17;11;1;NA;"31.10";"1 vuosi"
"Keski-Pohjanmaan SHP";7;2017;19;11;NA;1;"31.10";"1 vuosi"
"Keski-Pohjanmaan SHP";7;2018;26;19;2;1;"31.10";"1 vuosi"
"Keski-Pohjanmaan SHP";7;2019;15;10;1;1;"31.10";"1 vuosi"
"Keski-Pohjanmaan SHP";8;2011;1;1;NA;NA;"31.10";"1 vuosi"
"Keski-Pohjanmaan SHP";8;2012;3;2;NA;NA;"31.10";"1 vuosi"
"Keski-Pohjanmaan SHP";8;2013;13;8;NA;NA;"31.10";"1 vuosi"
"Keski-Pohjanmaan SHP";8;2014;18;12;NA;NA;"31.10";"1 vuosi"
"Keski-Pohjanmaan SHP";8;2015;12;5;NA;NA;"31.10";"1 vuosi"
"Keski-Pohjanmaan SHP";8;2016;9;5;NA;NA;"31.10";"1 vuosi"
"Keski-Pohjanmaan SHP";8;2017;6;2;NA;NA;"31.10";"1 vuosi"
"Keski-Suomen SHP";1;2010;264;213;64;51;"31.10";"1 vuosi"
"Keski-Suomen SHP";1;2011;721;637;209;129;"31.10";"1 vuosi"
"Keski-Suomen SHP";1;2012;815;698;224;154;"31.10";"1 vuosi"
"Keski-Suomen SHP";1;2013;940;811;256;188;"31.10";"1 vuosi"
"Keski-Suomen SHP";1;2014;928;796;258;180;"31.10";"1 vuosi"
"Keski-Suomen SHP";1;2015;1012;857;278;214;"31.10";"1 vuosi"
"Keski-Suomen SHP";1;2016;1002;848;268;221;"31.10";"1 vuosi"
"Keski-Suomen SHP";1;2017;1041;864;270;233;"31.10";"1 vuosi"
"Keski-Suomen SHP";1;2018;1002;810;266;211;"31.10";"1 vuosi"
"Keski-Suomen SHP";1;2019;961;781;248;215;"31.10";"1 vuosi"
"Keski-Suomen SHP";2;2010;42;36;6;9;"31.10";"1 vuosi"
"Keski-Suomen SHP";2;2011;122;107;14;17;"31.10";"1 vuosi"
"Keski-Suomen SHP";2;2012;152;122;13;19;"31.10";"1 vuosi"
"Keski-Suomen SHP";2;2013;175;134;18;22;"31.10";"1 vuosi"
"Keski-Suomen SHP";2;2014;165;125;19;24;"31.10";"1 vuosi"
"Keski-Suomen SHP";2;2015;167;128;20;27;"31.10";"1 vuosi"
"Keski-Suomen SHP";2;2016;184;140;23;28;"31.10";"1 vuosi"
"Keski-Suomen SHP";2;2017;192;157;22;38;"31.10";"1 vuosi"
"Keski-Suomen SHP";2;2018;205;161;21;36;"31.10";"1 vuosi"
"Keski-Suomen SHP";2;2019;202;154;21;35;"31.10";"1 vuosi"
"Keski-Suomen SHP";3;2010;56;45;2;10;"31.10";"1 vuosi"
"Keski-Suomen SHP";3;2011;145;110;4;12;"31.10";"1 vuosi"
"Keski-Suomen SHP";3;2012;168;130;4;9;"31.10";"1 vuosi"
"Keski-Suomen SHP";3;2013;178;129;4;14;"31.10";"1 vuosi"
"Keski-Suomen SHP";3;2014;178;124;5;19;"31.10";"1 vuosi"
"Keski-Suomen SHP";3;2015;159;111;5;17;"31.10";"1 vuosi"
"Keski-Suomen SHP";3;2016;169;116;4;14;"31.10";"1 vuosi"
"Keski-Suomen SHP";3;2017;189;136;5;16;"31.10";"1 vuosi"
"Keski-Suomen SHP";3;2018;180;130;6;17;"31.10";"1 vuosi"
"Keski-Suomen SHP";3;2019;166;107;5;19;"31.10";"1 vuosi"
"Keski-Suomen SHP";4;2010;52;42;1;3;"31.10";"1 vuosi"
"Keski-Suomen SHP";4;2011;96;63;NA;3;"31.10";"1 vuosi"
"Keski-Suomen SHP";4;2012;115;70;2;4;"31.10";"1 vuosi"
"Keski-Suomen SHP";4;2013;114;76;NA;10;"31.10";"1 vuosi"
"Keski-Suomen SHP";4;2014;107;74;NA;6;"31.10";"1 vuosi"
"Keski-Suomen SHP";4;2015;110;78;NA;7;"31.10";"1 vuosi"
"Keski-Suomen SHP";4;2016;96;59;NA;4;"31.10";"1 vuosi"
"Keski-Suomen SHP";4;2017;112;75;NA;12;"31.10";"1 vuosi"
"Keski-Suomen SHP";4;2018;93;64;NA;8;"31.10";"1 vuosi"
"Keski-Suomen SHP";4;2019;114;69;NA;15;"31.10";"1 vuosi"
"Keski-Suomen SHP";5;2010;1;NA;NA;NA;"31.10";"1 vuosi"
"Keski-Suomen SHP";5;2011;14;7;1;1;"31.10";"1 vuosi"
"Keski-Suomen SHP";5;2012;22;14;1;1;"31.10";"1 vuosi"
"Keski-Suomen SHP";5;2013;20;13;NA;2;"31.10";"1 vuosi"
"Keski-Suomen SHP";5;2014;16;7;NA;1;"31.10";"1 vuosi"
"Keski-Suomen SHP";5;2015;27;15;1;NA;"31.10";"1 vuosi"
"Keski-Suomen SHP";5;2016;27;16;NA;1;"31.10";"1 vuosi"
"Keski-Suomen SHP";5;2017;27;15;NA;NA;"31.10";"1 vuosi"
"Keski-Suomen SHP";5;2018;26;18;NA;3;"31.10";"1 vuosi"
"Keski-Suomen SHP";5;2019;26;21;1;2;"31.10";"1 vuosi"
"Keski-Suomen SHP";6;2010;2;2;NA;1;"31.10";"1 vuosi"
"Keski-Suomen SHP";6;2011;6;5;NA;NA;"31.10";"1 vuosi"
"Keski-Suomen SHP";6;2012;6;4;NA;NA;"31.10";"1 vuosi"
"Keski-Suomen SHP";6;2013;16;13;1;NA;"31.10";"1 vuosi"
"Keski-Suomen SHP";6;2014;20;15;1;1;"31.10";"1 vuosi"
"Keski-Suomen SHP";6;2015;18;12;1;NA;"31.10";"1 vuosi"
"Keski-Suomen SHP";6;2016;15;10;1;2;"31.10";"1 vuosi"
"Keski-Suomen SHP";6;2017;18;11;2;NA;"31.10";"1 vuosi"
"Keski-Suomen SHP";6;2018;18;13;3;1;"31.10";"1 vuosi"
"Keski-Suomen SHP";6;2019;19;14;2;1;"31.10";"1 vuosi"
"Keski-Suomen SHP";7;2010;122;84;NA;4;"31.10";"1 vuosi"
"Keski-Suomen SHP";7;2011;221;167;2;10;"31.10";"1 vuosi"
"Keski-Suomen SHP";7;2012;235;161;1;9;"31.10";"1 vuosi"
"Keski-Suomen SHP";7;2013;248;171;3;14;"31.10";"1 vuosi"
"Keski-Suomen SHP";7;2014;229;164;4;9;"31.10";"1 vuosi"
"Keski-Suomen SHP";7;2015;216;142;2;10;"31.10";"1 vuosi"
"Keski-Suomen SHP";7;2016;191;138;4;17;"31.10";"1 vuosi"
"Keski-Suomen SHP";7;2017;207;138;3;14;"31.10";"1 vuosi"
"Keski-Suomen SHP";7;2018;192;119;1;18;"31.10";"1 vuosi"
"Keski-Suomen SHP";7;2019;176;115;2;22;"31.10";"1 vuosi"
"Keski-Suomen SHP";8;2011;7;3;NA;2;"31.10";"1 vuosi"
"Keski-Suomen SHP";8;2012;13;12;NA;8;"31.10";"1 vuosi"
"Keski-Suomen SHP";8;2013;11;9;NA;7;"31.10";"1 vuosi"
"Keski-Suomen SHP";8;2014;17;14;NA;8;"31.10";"1 vuosi"
"Keski-Suomen SHP";8;2015;12;9;NA;5;"31.10";"1 vuosi"
"Keski-Suomen SHP";8;2016;15;13;NA;5;"31.10";"1 vuosi"
"Keski-Suomen SHP";8;2017;13;9;NA;3;"31.10";"1 vuosi"
"Keski-Suomen SHP";8;2018;16;13;NA;5;"31.10";"1 vuosi"
"Keski-Suomen SHP";8;2019;13;8;NA;2;"31.10";"1 vuosi"
"Kymenlaakson SHP";1;2010;169;138;50;33;"31.10";"1 vuosi"
"Kymenlaakson SHP";1;2011;526;456;141;84;"31.10";"1 vuosi"
"Kymenlaakson SHP";1;2012;606;525;169;82;"31.10";"1 vuosi"
"Kymenlaakson SHP";1;2013;621;532;170;88;"31.10";"1 vuosi"
"Kymenlaakson SHP";1;2014;636;524;171;93;"31.10";"1 vuosi"
"Kymenlaakson SHP";1;2015;607;505;180;95;"31.10";"1 vuosi"
"Kymenlaakson SHP";1;2016;661;550;197;118;"31.10";"1 vuosi"
"Kymenlaakson SHP";1;2017;673;555;204;122;"31.10";"1 vuosi"
"Kymenlaakson SHP";1;2018;697;574;208;133;"31.10";"1 vuosi"
"Kymenlaakson SHP";1;2019;689;562;208;137;"31.10";"1 vuosi"
"Kymenlaakson SHP";2;2010;29;23;7;8;"31.10";"1 vuosi"
"Kymenlaakson SHP";2;2011;92;76;12;8;"31.10";"1 vuosi"
"Kymenlaakson SHP";2;2012;98;80;12;5;"31.10";"1 vuosi"
"Kymenlaakson SHP";2;2013;93;77;12;10;"31.10";"1 vuosi"
"Kymenlaakson SHP";2;2014;90;70;12;5;"31.10";"1 vuosi"
"Kymenlaakson SHP";2;2015;91;75;14;8;"31.10";"1 vuosi"
"Kymenlaakson SHP";2;2016;106;81;18;11;"31.10";"1 vuosi"
"Kymenlaakson SHP";2;2017;104;80;14;7;"31.10";"1 vuosi"
"Kymenlaakson SHP";2;2018;108;86;15;13;"31.10";"1 vuosi"
"Kymenlaakson SHP";2;2019;110;79;11;13;"31.10";"1 vuosi"
"Kymenlaakson SHP";3;2010;19;12;2;1;"31.10";"1 vuosi"
"Kymenlaakson SHP";3;2011;79;60;3;3;"31.10";"1 vuosi"
"Kymenlaakson SHP";3;2012;90;63;2;2;"31.10";"1 vuosi"
"Kymenlaakson SHP";3;2013;75;48;NA;3;"31.10";"1 vuosi"
"Kymenlaakson SHP";3;2014;82;58;NA;NA;"31.10";"1 vuosi"
"Kymenlaakson SHP";3;2015;80;63;NA;3;"31.10";"1 vuosi"
"Kymenlaakson SHP";3;2016;85;59;NA;2;"31.10";"1 vuosi"
"Kymenlaakson SHP";3;2017;76;55;NA;4;"31.10";"1 vuosi"
"Kymenlaakson SHP";3;2018;67;46;NA;7;"31.10";"1 vuosi"
"Kymenlaakson SHP";3;2019;66;53;1;3;"31.10";"1 vuosi"
"Kymenlaakson SHP";4;2010;41;31;2;1;"31.10";"1 vuosi"
"Kymenlaakson SHP";4;2011;56;44;NA;NA;"31.10";"1 vuosi"
"Kymenlaakson SHP";4;2012;47;30;NA;NA;"31.10";"1 vuosi"
"Kymenlaakson SHP";4;2013;52;30;NA;1;"31.10";"1 vuosi"
"Kymenlaakson SHP";4;2014;45;29;NA;2;"31.10";"1 vuosi"
"Kymenlaakson SHP";4;2015;38;25;NA;2;"31.10";"1 vuosi"
"Kymenlaakson SHP";4;2016;64;44;1;4;"31.10";"1 vuosi"
"Kymenlaakson SHP";4;2017;59;38;1;3;"31.10";"1 vuosi"
"Kymenlaakson SHP";4;2018;66;52;NA;4;"31.10";"1 vuosi"
"Kymenlaakson SHP";4;2019;57;37;NA;4;"31.10";"1 vuosi"
"Kymenlaakson SHP";5;2010;6;4;NA;NA;"31.10";"1 vuosi"
"Kymenlaakson SHP";5;2011;22;14;NA;NA;"31.10";"1 vuosi"
"Kymenlaakson SHP";5;2012;19;13;NA;NA;"31.10";"1 vuosi"
"Kymenlaakson SHP";5;2013;17;11;NA;1;"31.10";"1 vuosi"
"Kymenlaakson SHP";5;2014;16;11;NA;NA;"31.10";"1 vuosi"
"Kymenlaakson SHP";5;2015;14;11;1;NA;"31.10";"1 vuosi"
"Kymenlaakson SHP";5;2016;17;14;1;NA;"31.10";"1 vuosi"
"Kymenlaakson SHP";5;2017;21;12;1;1;"31.10";"1 vuosi"
"Kymenlaakson SHP";5;2018;13;9;NA;1;"31.10";"1 vuosi"
"Kymenlaakson SHP";5;2019;14;9;1;1;"31.10";"1 vuosi"
"Kymenlaakson SHP";6;2010;19;15;3;2;"31.10";"1 vuosi"
"Kymenlaakson SHP";6;2011;29;24;3;2;"31.10";"1 vuosi"
"Kymenlaakson SHP";6;2012;26;21;2;1;"31.10";"1 vuosi"
"Kymenlaakson SHP";6;2013;25;16;1;NA;"31.10";"1 vuosi"
"Kymenlaakson SHP";6;2014;20;17;2;NA;"31.10";"1 vuosi"
"Kymenlaakson SHP";6;2015;15;12;1;1;"31.10";"1 vuosi"
"Kymenlaakson SHP";6;2016;28;24;2;1;"31.10";"1 vuosi"
"Kymenlaakson SHP";6;2017;21;17;1;4;"31.10";"1 vuosi"
"Kymenlaakson SHP";6;2018;17;14;1;1;"31.10";"1 vuosi"
"Kymenlaakson SHP";6;2019;13;10;1;2;"31.10";"1 vuosi"
"Kymenlaakson SHP";7;2010;24;18;NA;NA;"31.10";"1 vuosi"
"Kymenlaakson SHP";7;2011;69;46;NA;NA;"31.10";"1 vuosi"
"Kymenlaakson SHP";7;2012;66;44;NA;NA;"31.10";"1 vuosi"
"Kymenlaakson SHP";7;2013;65;47;NA;2;"31.10";"1 vuosi"
"Kymenlaakson SHP";7;2014;69;41;NA;1;"31.10";"1 vuosi"
"Kymenlaakson SHP";7;2015;71;43;NA;4;"31.10";"1 vuosi"
"Kymenlaakson SHP";7;2016;71;53;1;4;"31.10";"1 vuosi"
"Kymenlaakson SHP";7;2017;81;53;NA;6;"31.10";"1 vuosi"
"Kymenlaakson SHP";7;2018;78;50;1;5;"31.10";"1 vuosi"
"Kymenlaakson SHP";7;2019;86;66;2;7;"31.10";"1 vuosi"
"Kymenlaakson SHP";8;2011;1;1;NA;NA;"31.10";"1 vuosi"
"Kymenlaakson SHP";8;2012;2;1;NA;NA;"31.10";"1 vuosi"
"Kymenlaakson SHP";8;2013;12;12;NA;4;"31.10";"1 vuosi"
"Kymenlaakson SHP";8;2014;14;11;NA;3;"31.10";"1 vuosi"
"Kymenlaakson SHP";8;2015;4;3;NA;1;"31.10";"1 vuosi"
"Kymenlaakson SHP";8;2016;10;7;NA;2;"31.10";"1 vuosi"
"Kymenlaakson SHP";8;2017;5;5;NA;1;"31.10";"1 vuosi"
"Kymenlaakson SHP";8;2018;5;3;NA;1;"31.10";"1 vuosi"
"Kymenlaakson SHP";8;2019;2;2;NA;1;"31.10";"1 vuosi"
"Länsi-Pohjan SHP";1;2010;79;62;12;27;"31.10";"1 vuosi"
"Länsi-Pohjan SHP";1;2011;104;74;14;26;"31.10";"1 vuosi"
"Länsi-Pohjan SHP";1;2012;204;168;30;53;"31.10";"1 vuosi"
"Länsi-Pohjan SHP";1;2013;209;174;33;64;"31.10";"1 vuosi"
"Länsi-Pohjan SHP";1;2014;274;214;37;64;"31.10";"1 vuosi"
"Länsi-Pohjan SHP";1;2015;276;212;43;65;"31.10";"1 vuosi"
"Länsi-Pohjan SHP";1;2016;258;208;46;65;"31.10";"1 vuosi"
"Länsi-Pohjan SHP";1;2017;247;195;40;63;"31.10";"1 vuosi"
"Länsi-Pohjan SHP";1;2018;241;195;35;62;"31.10";"1 vuosi"
"Länsi-Pohjan SHP";1;2019;257;201;38;66;"31.10";"1 vuosi"
"Länsi-Pohjan SHP";2;2010;3;2;NA;NA;"31.10";"1 vuosi"
"Länsi-Pohjan SHP";2;2011;4;2;NA;1;"31.10";"1 vuosi"
"Länsi-Pohjan SHP";2;2012;10;6;NA;2;"31.10";"1 vuosi"
"Länsi-Pohjan SHP";2;2013;5;3;NA;NA;"31.10";"1 vuosi"
"Länsi-Pohjan SHP";2;2014;10;5;NA;NA;"31.10";"1 vuosi"
"Länsi-Pohjan SHP";2;2015;13;5;NA;1;"31.10";"1 vuosi"
"Länsi-Pohjan SHP";2;2016;13;7;NA;NA;"31.10";"1 vuosi"
"Länsi-Pohjan SHP";2;2017;9;4;NA;1;"31.10";"1 vuosi"
"Länsi-Pohjan SHP";2;2018;8;4;NA;NA;"31.10";"1 vuosi"
"Länsi-Pohjan SHP";2;2019;9;5;NA;NA;"31.10";"1 vuosi"
"Länsi-Pohjan SHP";3;2010;7;6;NA;NA;"31.10";"1 vuosi"
"Länsi-Pohjan SHP";3;2011;5;4;NA;NA;"31.10";"1 vuosi"
"Länsi-Pohjan SHP";3;2012;22;12;NA;3;"31.10";"1 vuosi"
"Länsi-Pohjan SHP";3;2013;18;12;NA;1;"31.10";"1 vuosi"
"Länsi-Pohjan SHP";3;2014;20;8;NA;NA;"31.10";"1 vuosi"
"Länsi-Pohjan SHP";3;2015;21;12;NA;NA;"31.10";"1 vuosi"
"Länsi-Pohjan SHP";3;2016;20;14;1;NA;"31.10";"1 vuosi"
"Länsi-Pohjan SHP";3;2017;25;15;1;1;"31.10";"1 vuosi"
"Länsi-Pohjan SHP";3;2018;30;15;NA;4;"31.10";"1 vuosi"
"Länsi-Pohjan SHP";3;2019;30;14;NA;3;"31.10";"1 vuosi"
"Länsi-Pohjan SHP";4;2010;18;14;NA;3;"31.10";"1 vuosi"
"Länsi-Pohjan SHP";4;2011;16;12;NA;2;"31.10";"1 vuosi"
"Länsi-Pohjan SHP";4;2012;26;19;NA;1;"31.10";"1 vuosi"
"Länsi-Pohjan SHP";4;2013;19;14;NA;NA;"31.10";"1 vuosi"
"Länsi-Pohjan SHP";4;2014;18;11;NA;2;"31.10";"1 vuosi"
"Länsi-Pohjan SHP";4;2015;26;15;NA;1;"31.10";"1 vuosi"
"Länsi-Pohjan SHP";4;2016;23;13;NA;2;"31.10";"1 vuosi"
"Länsi-Pohjan SHP";4;2017;21;11;NA;2;"31.10";"1 vuosi"
"Länsi-Pohjan SHP";4;2018;23;10;NA;2;"31.10";"1 vuosi"
"Länsi-Pohjan SHP";4;2019;23;14;NA;3;"31.10";"1 vuosi"
"Länsi-Pohjan SHP";5;2010;3;3;NA;1;"31.10";"1 vuosi"
"Länsi-Pohjan SHP";5;2011;4;3;NA;NA;"31.10";"1 vuosi"
"Länsi-Pohjan SHP";5;2012;10;6;NA;NA;"31.10";"1 vuosi"
"Länsi-Pohjan SHP";5;2013;6;3;NA;NA;"31.10";"1 vuosi"
"Länsi-Pohjan SHP";5;2014;6;4;NA;NA;"31.10";"1 vuosi"
"Länsi-Pohjan SHP";5;2015;7;4;NA;NA;"31.10";"1 vuosi"
"Länsi-Pohjan SHP";5;2016;7;5;NA;NA;"31.10";"1 vuosi"
"Länsi-Pohjan SHP";5;2017;12;8;NA;NA;"31.10";"1 vuosi"
"Länsi-Pohjan SHP";5;2018;9;6;NA;NA;"31.10";"1 vuosi"
"Länsi-Pohjan SHP";5;2019;7;5;NA;1;"31.10";"1 vuosi"
"Länsi-Pohjan SHP";6;2011;1;1;NA;NA;"31.10";"1 vuosi"
"Länsi-Pohjan SHP";6;2012;2;1;NA;NA;"31.10";"1 vuosi"
"Länsi-Pohjan SHP";6;2013;1;1;NA;NA;"31.10";"1 vuosi"
"Länsi-Pohjan SHP";6;2015;2;1;NA;NA;"31.10";"1 vuosi"
"Länsi-Pohjan SHP";6;2017;1;NA;NA;NA;"31.10";"1 vuosi"
"Länsi-Pohjan SHP";6;2019;2;NA;NA;NA;"31.10";"1 vuosi"
"Länsi-Pohjan SHP";7;2010;6;3;NA;1;"31.10";"1 vuosi"
"Länsi-Pohjan SHP";7;2011;6;4;NA;NA;"31.10";"1 vuosi"
"Länsi-Pohjan SHP";7;2012;19;14;1;2;"31.10";"1 vuosi"
"Länsi-Pohjan SHP";7;2013;21;13;1;NA;"31.10";"1 vuosi"
"Länsi-Pohjan SHP";7;2014;45;21;NA;2;"31.10";"1 vuosi"
"Länsi-Pohjan SHP";7;2015;35;27;1;2;"31.10";"1 vuosi"
"Länsi-Pohjan SHP";7;2016;43;25;2;3;"31.10";"1 vuosi"
"Länsi-Pohjan SHP";7;2017;29;18;1;1;"31.10";"1 vuosi"
"Länsi-Pohjan SHP";7;2018;36;25;1;4;"31.10";"1 vuosi"
"Länsi-Pohjan SHP";7;2019;37;26;2;3;"31.10";"1 vuosi"
"Länsi-Pohjan SHP";8;2012;10;8;NA;3;"31.10";"1 vuosi"
"Länsi-Pohjan SHP";8;2013;11;9;NA;2;"31.10";"1 vuosi"
"Länsi-Pohjan SHP";8;2014;6;5;NA;3;"31.10";"1 vuosi"
"Länsi-Pohjan SHP";8;2015;7;4;NA;2;"31.10";"1 vuosi"
"Länsi-Pohjan SHP";8;2016;6;3;NA;1;"31.10";"1 vuosi"
"Länsi-Pohjan SHP";8;2017;6;4;NA;2;"31.10";"1 vuosi"
"Länsi-Pohjan SHP";8;2018;4;3;NA;1;"31.10";"1 vuosi"
"Länsi-Pohjan SHP";8;2019;4;2;NA;1;"31.10";"1 vuosi"
"Lapin SHP";1;2010;142;119;28;39;"31.10";"1 vuosi"
"Lapin SHP";1;2011;183;139;36;37;"31.10";"1 vuosi"
"Lapin SHP";1;2012;267;220;66;61;"31.10";"1 vuosi"
"Lapin SHP";1;2013;316;265;85;67;"31.10";"1 vuosi"
"Lapin SHP";1;2014;322;265;83;73;"31.10";"1 vuosi"
"Lapin SHP";1;2015;344;279;96;79;"31.10";"1 vuosi"
"Lapin SHP";1;2016;317;252;82;70;"31.10";"1 vuosi"
"Lapin SHP";1;2017;398;323;119;89;"31.10";"1 vuosi"
"Lapin SHP";1;2018;395;318;123;82;"31.10";"1 vuosi"
"Lapin SHP";1;2019;384;300;119;80;"31.10";"1 vuosi"
"Lapin SHP";2;2010;18;17;4;3;"31.10";"1 vuosi"
"Lapin SHP";2;2011;19;13;3;NA;"31.10";"1 vuosi"
"Lapin SHP";2;2012;29;18;1;2;"31.10";"1 vuosi"
"Lapin SHP";2;2013;30;23;2;3;"31.10";"1 vuosi"
"Lapin SHP";2;2014;46;37;3;9;"31.10";"1 vuosi"
"Lapin SHP";2;2015;36;30;4;9;"31.10";"1 vuosi"
"Lapin SHP";2;2016;34;26;5;9;"31.10";"1 vuosi"
"Lapin SHP";2;2017;40;29;3;13;"31.10";"1 vuosi"
"Lapin SHP";2;2018;37;26;3;8;"31.10";"1 vuosi"
"Lapin SHP";2;2019;41;29;4;6;"31.10";"1 vuosi"
"Lapin SHP";3;2010;24;17;1;3;"31.10";"1 vuosi"
"Lapin SHP";3;2011;29;22;1;1;"31.10";"1 vuosi"
"Lapin SHP";3;2012;30;17;NA;2;"31.10";"1 vuosi"
"Lapin SHP";3;2013;35;23;NA;3;"31.10";"1 vuosi"
"Lapin SHP";3;2014;43;24;NA;5;"31.10";"1 vuosi"
"Lapin SHP";3;2015;51;35;NA;6;"31.10";"1 vuosi"
"Lapin SHP";3;2016;59;32;1;4;"31.10";"1 vuosi"
"Lapin SHP";3;2017;46;27;3;6;"31.10";"1 vuosi"
"Lapin SHP";3;2018;43;26;1;7;"31.10";"1 vuosi"
"Lapin SHP";3;2019;39;29;2;4;"31.10";"1 vuosi"
"Lapin SHP";4;2010;17;11;NA;NA;"31.10";"1 vuosi"
"Lapin SHP";4;2011;12;7;1;NA;"31.10";"1 vuosi"
"Lapin SHP";4;2012;30;16;1;2;"31.10";"1 vuosi"
"Lapin SHP";4;2013;22;15;3;NA;"31.10";"1 vuosi"
"Lapin SHP";4;2014;22;14;1;1;"31.10";"1 vuosi"
"Lapin SHP";4;2015;31;22;NA;NA;"31.10";"1 vuosi"
"Lapin SHP";4;2016;31;17;1;NA;"31.10";"1 vuosi"
"Lapin SHP";4;2017;21;12;NA;1;"31.10";"1 vuosi"
"Lapin SHP";4;2018;28;14;1;NA;"31.10";"1 vuosi"
"Lapin SHP";4;2019;33;20;1;1;"31.10";"1 vuosi"
"Lapin SHP";5;2010;5;2;NA;NA;"31.10";"1 vuosi"
"Lapin SHP";5;2011;6;3;NA;NA;"31.10";"1 vuosi"
"Lapin SHP";5;2012;10;4;1;NA;"31.10";"1 vuosi"
"Lapin SHP";5;2013;3;3;1;NA;"31.10";"1 vuosi"
"Lapin SHP";5;2014;7;4;1;NA;"31.10";"1 vuosi"
"Lapin SHP";5;2015;9;6;1;2;"31.10";"1 vuosi"
"Lapin SHP";5;2016;8;3;NA;2;"31.10";"1 vuosi"
"Lapin SHP";5;2017;11;4;NA;1;"31.10";"1 vuosi"
"Lapin SHP";5;2018;7;3;NA;NA;"31.10";"1 vuosi"
"Lapin SHP";5;2019;9;6;1;NA;"31.10";"1 vuosi"
"Lapin SHP";6;2010;3;1;NA;NA;"31.10";"1 vuosi"
"Lapin SHP";6;2011;3;1;NA;NA;"31.10";"1 vuosi"
"Lapin SHP";6;2013;4;2;NA;NA;"31.10";"1 vuosi"
"Lapin SHP";6;2014;4;4;NA;NA;"31.10";"1 vuosi"
"Lapin SHP";6;2015;5;4;NA;NA;"31.10";"1 vuosi"
"Lapin SHP";6;2016;2;2;NA;NA;"31.10";"1 vuosi"
"Lapin SHP";6;2017;6;2;NA;1;"31.10";"1 vuosi"
"Lapin SHP";6;2018;5;2;NA;NA;"31.10";"1 vuosi"
"Lapin SHP";6;2019;4;4;NA;2;"31.10";"1 vuosi"
"Lapin SHP";7;2010;24;18;NA;2;"31.10";"1 vuosi"
"Lapin SHP";7;2011;31;21;NA;1;"31.10";"1 vuosi"
"Lapin SHP";7;2012;39;25;1;3;"31.10";"1 vuosi"
"Lapin SHP";7;2013;37;21;NA;NA;"31.10";"1 vuosi"
"Lapin SHP";7;2014;41;21;1;NA;"31.10";"1 vuosi"
"Lapin SHP";7;2015;33;16;2;2;"31.10";"1 vuosi"
"Lapin SHP";7;2016;71;43;2;3;"31.10";"1 vuosi"
"Lapin SHP";7;2017;69;46;4;4;"31.10";"1 vuosi"
"Lapin SHP";7;2018;71;46;4;6;"31.10";"1 vuosi"
"Lapin SHP";7;2019;68;48;2;6;"31.10";"1 vuosi"
"Lapin SHP";8;2011;2;2;NA;1;"31.10";"1 vuosi"
"Lapin SHP";8;2012;8;8;1;3;"31.10";"1 vuosi"
"Lapin SHP";8;2013;11;11;1;5;"31.10";"1 vuosi"
"Lapin SHP";8;2014;5;2;NA;NA;"31.10";"1 vuosi"
"Lapin SHP";8;2015;8;4;NA;1;"31.10";"1 vuosi"
"Lapin SHP";8;2016;5;4;1;1;"31.10";"1 vuosi"
"Lapin SHP";8;2017;4;3;NA;2;"31.10";"1 vuosi"
"Lapin SHP";8;2018;3;3;NA;2;"31.10";"1 vuosi"
"Lapin SHP";8;2019;2;1;NA;1;"31.10";"1 vuosi"
"Päijät-Hämeen SHP";1;2010;563;491;229;47;"31.10";"1 vuosi"
"Päijät-Hämeen SHP";1;2011;839;727;317;95;"31.10";"1 vuosi"
"Päijät-Hämeen SHP";1;2012;910;779;331;105;"31.10";"1 vuosi"
"Päijät-Hämeen SHP";1;2013;909;785;314;108;"31.10";"1 vuosi"
"Päijät-Hämeen SHP";1;2014;965;810;338;118;"31.10";"1 vuosi"
"Päijät-Hämeen SHP";1;2015;951;795;316;131;"31.10";"1 vuosi"
"Päijät-Hämeen SHP";1;2016;982;815;326;147;"31.10";"1 vuosi"
"Päijät-Hämeen SHP";1;2017;979;817;331;150;"31.10";"1 vuosi"
"Päijät-Hämeen SHP";1;2018;974;800;341;143;"31.10";"1 vuosi"
"Päijät-Hämeen SHP";1;2019;1028;839;362;150;"31.10";"1 vuosi"
"Päijät-Hämeen SHP";2;2010;138;111;23;7;"31.10";"1 vuosi"
"Päijät-Hämeen SHP";2;2011;153;133;24;16;"31.10";"1 vuosi"
"Päijät-Hämeen SHP";2;2012;170;139;27;14;"31.10";"1 vuosi"
"Päijät-Hämeen SHP";2;2013;165;129;25;15;"31.10";"1 vuosi"
"Päijät-Hämeen SHP";2;2014;173;136;30;16;"31.10";"1 vuosi"
"Päijät-Hämeen SHP";2;2015;171;127;26;24;"31.10";"1 vuosi"
"Päijät-Hämeen SHP";2;2016;185;139;23;29;"31.10";"1 vuosi"
"Päijät-Hämeen SHP";2;2017;178;133;25;20;"31.10";"1 vuosi"
"Päijät-Hämeen SHP";2;2018;176;135;22;18;"31.10";"1 vuosi"
"Päijät-Hämeen SHP";2;2019;168;130;22;23;"31.10";"1 vuosi"
"Päijät-Hämeen SHP";3;2010;95;78;2;1;"31.10";"1 vuosi"
"Päijät-Hämeen SHP";3;2011;131;99;2;10;"31.10";"1 vuosi"
"Päijät-Hämeen SHP";3;2012;148;106;2;8;"31.10";"1 vuosi"
"Päijät-Hämeen SHP";3;2013;164;117;1;8;"31.10";"1 vuosi"
"Päijät-Hämeen SHP";3;2014;163;115;4;7;"31.10";"1 vuosi"
"Päijät-Hämeen SHP";3;2015;165;116;5;6;"31.10";"1 vuosi"
"Päijät-Hämeen SHP";3;2016;176;119;5;15;"31.10";"1 vuosi"
"Päijät-Hämeen SHP";3;2017;182;125;2;11;"31.10";"1 vuosi"
"Päijät-Hämeen SHP";3;2018;176;122;1;12;"31.10";"1 vuosi"
"Päijät-Hämeen SHP";3;2019;156;112;NA;12;"31.10";"1 vuosi"
"Päijät-Hämeen SHP";4;2010;42;29;NA;4;"31.10";"1 vuosi"
"Päijät-Hämeen SHP";4;2011;45;30;1;2;"31.10";"1 vuosi"
"Päijät-Hämeen SHP";4;2012;57;36;1;1;"31.10";"1 vuosi"
"Päijät-Hämeen SHP";4;2013;63;42;3;1;"31.10";"1 vuosi"
"Päijät-Hämeen SHP";4;2014;76;52;1;1;"31.10";"1 vuosi"
"Päijät-Hämeen SHP";4;2015;94;64;1;8;"31.10";"1 vuosi"
"Päijät-Hämeen SHP";4;2016;94;57;1;3;"31.10";"1 vuosi"
"Päijät-Hämeen SHP";4;2017;99;64;1;4;"31.10";"1 vuosi"
"Päijät-Hämeen SHP";4;2018;87;59;1;10;"31.10";"1 vuosi"
"Päijät-Hämeen SHP";4;2019;76;47;1;3;"31.10";"1 vuosi"
"Päijät-Hämeen SHP";5;2010;12;6;NA;NA;"31.10";"1 vuosi"
"Päijät-Hämeen SHP";5;2011;20;13;NA;NA;"31.10";"1 vuosi"
"Päijät-Hämeen SHP";5;2012;24;14;NA;NA;"31.10";"1 vuosi"
"Päijät-Hämeen SHP";5;2013;24;15;NA;1;"31.10";"1 vuosi"
"Päijät-Hämeen SHP";5;2014;29;16;NA;1;"31.10";"1 vuosi"
"Päijät-Hämeen SHP";5;2015;24;11;NA;NA;"31.10";"1 vuosi"
"Päijät-Hämeen SHP";5;2016;20;14;NA;NA;"31.10";"1 vuosi"
"Päijät-Hämeen SHP";5;2017;18;8;NA;2;"31.10";"1 vuosi"
"Päijät-Hämeen SHP";5;2018;19;10;NA;1;"31.10";"1 vuosi"
"Päijät-Hämeen SHP";5;2019;20;9;NA;1;"31.10";"1 vuosi"
"Päijät-Hämeen SHP";6;2010;15;10;1;NA;"31.10";"1 vuosi"
"Päijät-Hämeen SHP";6;2011;27;19;1;NA;"31.10";"1 vuosi"
"Päijät-Hämeen SHP";6;2012;30;20;NA;1;"31.10";"1 vuosi"
"Päijät-Hämeen SHP";6;2013;25;16;1;1;"31.10";"1 vuosi"
"Päijät-Hämeen SHP";6;2014;26;14;NA;1;"31.10";"1 vuosi"
"Päijät-Hämeen SHP";6;2015;28;18;1;1;"31.10";"1 vuosi"
"Päijät-Hämeen SHP";6;2016;32;21;2;1;"31.10";"1 vuosi"
"Päijät-Hämeen SHP";6;2017;28;20;2;5;"31.10";"1 vuosi"
"Päijät-Hämeen SHP";6;2018;31;16;1;1;"31.10";"1 vuosi"
"Päijät-Hämeen SHP";6;2019;30;18;1;2;"31.10";"1 vuosi"
"Päijät-Hämeen SHP";7;2010;201;150;4;5;"31.10";"1 vuosi"
"Päijät-Hämeen SHP";7;2011;227;157;1;6;"31.10";"1 vuosi"
"Päijät-Hämeen SHP";7;2012;238;165;5;7;"31.10";"1 vuosi"
"Päijät-Hämeen SHP";7;2013;225;163;3;9;"31.10";"1 vuosi"
"Päijät-Hämeen SHP";7;2014;240;164;5;12;"31.10";"1 vuosi"
"Päijät-Hämeen SHP";7;2015;267;176;3;14;"31.10";"1 vuosi"
"Päijät-Hämeen SHP";7;2016;248;177;5;19;"31.10";"1 vuosi"
"Päijät-Hämeen SHP";7;2017;262;176;6;17;"31.10";"1 vuosi"
"Päijät-Hämeen SHP";7;2018;253;160;8;12;"31.10";"1 vuosi"
"Päijät-Hämeen SHP";7;2019;202;131;6;10;"31.10";"1 vuosi"
"Päijät-Hämeen SHP";8;2011;8;7;NA;NA;"31.10";"1 vuosi"
"Päijät-Hämeen SHP";8;2012;11;11;NA;1;"31.10";"1 vuosi"
"Päijät-Hämeen SHP";8;2013;21;14;1;3;"31.10";"1 vuosi"
"Päijät-Hämeen SHP";8;2014;21;10;NA;1;"31.10";"1 vuosi"
"Päijät-Hämeen SHP";8;2015;10;7;NA;1;"31.10";"1 vuosi"
"Päijät-Hämeen SHP";8;2016;9;8;NA;1;"31.10";"1 vuosi"
"Päijät-Hämeen SHP";8;2017;4;4;NA;NA;"31.10";"1 vuosi"
"Päijät-Hämeen SHP";8;2018;3;3;NA;NA;"31.10";"1 vuosi"
"Pirkanmaan SHP";1;2010;711;579;150;149;"31.10";"1 vuosi"
"Pirkanmaan SHP";1;2011;1175;998;291;225;"31.10";"1 vuosi"
"Pirkanmaan SHP";1;2012;1402;1193;313;284;"31.10";"1 vuosi"
"Pirkanmaan SHP";1;2013;1509;1279;352;284;"31.10";"1 vuosi"
"Pirkanmaan SHP";1;2014;1401;1187;322;311;"31.10";"1 vuosi"
"Pirkanmaan SHP";1;2015;1562;1334;384;343;"31.10";"1 vuosi"
"Pirkanmaan SHP";1;2016;1654;1371;423;332;"31.10";"1 vuosi"
"Pirkanmaan SHP";1;2017;1621;1348;422;348;"31.10";"1 vuosi"
"Pirkanmaan SHP";1;2018;1548;1253;375;345;"31.10";"1 vuosi"
"Pirkanmaan SHP";1;2019;1430;1164;333;351;"31.10";"1 vuosi"
"Pirkanmaan SHP";2;2010;121;96;11;17;"31.10";"1 vuosi"
"Pirkanmaan SHP";2;2011;199;162;15;26;"31.10";"1 vuosi"
"Pirkanmaan SHP";2;2012;241;201;20;31;"31.10";"1 vuosi"
"Pirkanmaan SHP";2;2013;237;193;19;26;"31.10";"1 vuosi"
"Pirkanmaan SHP";2;2014;220;170;16;32;"31.10";"1 vuosi"
"Pirkanmaan SHP";2;2015;257;207;25;38;"31.10";"1 vuosi"
"Pirkanmaan SHP";2;2016;285;220;33;44;"31.10";"1 vuosi"
"Pirkanmaan SHP";2;2017;294;228;33;42;"31.10";"1 vuosi"
"Pirkanmaan SHP";2;2018;276;217;37;43;"31.10";"1 vuosi"
"Pirkanmaan SHP";2;2019;242;190;30;51;"31.10";"1 vuosi"
"Pirkanmaan SHP";3;2010;162;135;NA;21;"31.10";"1 vuosi"
"Pirkanmaan SHP";3;2011;274;198;1;25;"31.10";"1 vuosi"
"Pirkanmaan SHP";3;2012;326;235;3;29;"31.10";"1 vuosi"
"Pirkanmaan SHP";3;2013;329;222;1;23;"31.10";"1 vuosi"
"Pirkanmaan SHP";3;2014;282;189;1;25;"31.10";"1 vuosi"
"Pirkanmaan SHP";3;2015;323;226;3;25;"31.10";"1 vuosi"
"Pirkanmaan SHP";3;2016;351;234;4;30;"31.10";"1 vuosi"
"Pirkanmaan SHP";3;2017;340;230;4;35;"31.10";"1 vuosi"
"Pirkanmaan SHP";3;2018;314;219;3;36;"31.10";"1 vuosi"
"Pirkanmaan SHP";3;2019;298;213;3;34;"31.10";"1 vuosi"
"Pirkanmaan SHP";4;2010;122;87;2;4;"31.10";"1 vuosi"
"Pirkanmaan SHP";4;2011;160;111;1;2;"31.10";"1 vuosi"
"Pirkanmaan SHP";4;2012;188;128;1;6;"31.10";"1 vuosi"
"Pirkanmaan SHP";4;2013;209;150;1;7;"31.10";"1 vuosi"
"Pirkanmaan SHP";4;2014;181;124;1;12;"31.10";"1 vuosi"
"Pirkanmaan SHP";4;2015;220;159;1;18;"31.10";"1 vuosi"
"Pirkanmaan SHP";4;2016;235;157;1;16;"31.10";"1 vuosi"
"Pirkanmaan SHP";4;2017;226;149;1;15;"31.10";"1 vuosi"
"Pirkanmaan SHP";4;2018;228;146;2;21;"31.10";"1 vuosi"
"Pirkanmaan SHP";4;2019;193;128;1;21;"31.10";"1 vuosi"
"Pirkanmaan SHP";5;2010;22;20;NA;1;"31.10";"1 vuosi"
"Pirkanmaan SHP";5;2011;47;39;NA;2;"31.10";"1 vuosi"
"Pirkanmaan SHP";5;2012;63;39;NA;1;"31.10";"1 vuosi"
"Pirkanmaan SHP";5;2013;58;39;1;2;"31.10";"1 vuosi"
"Pirkanmaan SHP";5;2014;48;31;NA;1;"31.10";"1 vuosi"
"Pirkanmaan SHP";5;2015;50;30;NA;2;"31.10";"1 vuosi"
"Pirkanmaan SHP";5;2016;56;32;1;6;"31.10";"1 vuosi"
"Pirkanmaan SHP";5;2017;63;39;1;3;"31.10";"1 vuosi"
"Pirkanmaan SHP";5;2018;60;36;1;7;"31.10";"1 vuosi"
"Pirkanmaan SHP";5;2019;39;25;1;3;"31.10";"1 vuosi"
"Pirkanmaan SHP";6;2010;10;8;NA;NA;"31.10";"1 vuosi"
"Pirkanmaan SHP";6;2011;10;8;NA;NA;"31.10";"1 vuosi"
"Pirkanmaan SHP";6;2012;14;11;NA;NA;"31.10";"1 vuosi"
"Pirkanmaan SHP";6;2013;15;11;NA;1;"31.10";"1 vuosi"
"Pirkanmaan SHP";6;2014;13;10;NA;NA;"31.10";"1 vuosi"
"Pirkanmaan SHP";6;2015;22;14;NA;NA;"31.10";"1 vuosi"
"Pirkanmaan SHP";6;2016;23;18;NA;NA;"31.10";"1 vuosi"
"Pirkanmaan SHP";6;2017;28;19;NA;1;"31.10";"1 vuosi"
"Pirkanmaan SHP";6;2018;33;23;NA;1;"31.10";"1 vuosi"
"Pirkanmaan SHP";6;2019;24;14;1;1;"31.10";"1 vuosi"
"Pirkanmaan SHP";7;2010;189;133;3;7;"31.10";"1 vuosi"
"Pirkanmaan SHP";7;2011;241;166;2;7;"31.10";"1 vuosi"
"Pirkanmaan SHP";7;2012;264;179;3;9;"31.10";"1 vuosi"
"Pirkanmaan SHP";7;2013;277;169;1;9;"31.10";"1 vuosi"
"Pirkanmaan SHP";7;2014;250;162;3;10;"31.10";"1 vuosi"
"Pirkanmaan SHP";7;2015;285;184;4;13;"31.10";"1 vuosi"
"Pirkanmaan SHP";7;2016;331;228;5;11;"31.10";"1 vuosi"
"Pirkanmaan SHP";7;2017;359;244;3;22;"31.10";"1 vuosi"
"Pirkanmaan SHP";7;2018;358;226;2;32;"31.10";"1 vuosi"
"Pirkanmaan SHP";7;2019;324;205;2;31;"31.10";"1 vuosi"
"Pirkanmaan SHP";8;2011;37;27;NA;7;"31.10";"1 vuosi"
"Pirkanmaan SHP";8;2012;25;22;NA;8;"31.10";"1 vuosi"
"Pirkanmaan SHP";8;2013;39;34;NA;5;"31.10";"1 vuosi"
"Pirkanmaan SHP";8;2014;23;17;NA;3;"31.10";"1 vuosi"
"Pirkanmaan SHP";8;2015;21;16;NA;3;"31.10";"1 vuosi"
"Pirkanmaan SHP";8;2016;18;15;NA;3;"31.10";"1 vuosi"
"Pirkanmaan SHP";8;2017;21;16;NA;3;"31.10";"1 vuosi"
"Pirkanmaan SHP";8;2018;11;10;NA;3;"31.10";"1 vuosi"
"Pirkanmaan SHP";8;2019;9;8;NA;2;"31.10";"1 vuosi"
"Pohjois-Karjalan SHP";1;2010;367;328;79;81;"31.10";"1 vuosi"
"Pohjois-Karjalan SHP";1;2011;714;635;134;171;"31.10";"1 vuosi"
"Pohjois-Karjalan SHP";1;2012;779;683;151;184;"31.10";"1 vuosi"
"Pohjois-Karjalan SHP";1;2013;833;719;170;192;"31.10";"1 vuosi"
"Pohjois-Karjalan SHP";1;2014;887;757;169;231;"31.10";"1 vuosi"
"Pohjois-Karjalan SHP";1;2015;961;827;215;249;"31.10";"1 vuosi"
"Pohjois-Karjalan SHP";1;2016;988;848;224;269;"31.10";"1 vuosi"
"Pohjois-Karjalan SHP";1;2017;1135;972;251;312;"31.10";"1 vuosi"
"Pohjois-Karjalan SHP";1;2018;1195;1007;242;362;"31.10";"1 vuosi"
"Pohjois-Karjalan SHP";1;2019;1261;1050;257;358;"31.10";"1 vuosi"
"Pohjois-Karjalan SHP";2;2010;67;62;10;9;"31.10";"1 vuosi"
"Pohjois-Karjalan SHP";2;2011;131;113;12;17;"31.10";"1 vuosi"
"Pohjois-Karjalan SHP";2;2012;139;111;10;18;"31.10";"1 vuosi"
"Pohjois-Karjalan SHP";2;2013;166;133;16;18;"31.10";"1 vuosi"
"Pohjois-Karjalan SHP";2;2014;171;138;12;27;"31.10";"1 vuosi"
"Pohjois-Karjalan SHP";2;2015;193;160;17;31;"31.10";"1 vuosi"
"Pohjois-Karjalan SHP";2;2016;197;163;24;26;"31.10";"1 vuosi"
"Pohjois-Karjalan SHP";2;2017;194;152;16;35;"31.10";"1 vuosi"
"Pohjois-Karjalan SHP";2;2018;207;163;18;48;"31.10";"1 vuosi"
"Pohjois-Karjalan SHP";2;2019;224;182;22;54;"31.10";"1 vuosi"
"Pohjois-Karjalan SHP";3;2010;53;43;1;6;"31.10";"1 vuosi"
"Pohjois-Karjalan SHP";3;2011;97;68;NA;6;"31.10";"1 vuosi"
"Pohjois-Karjalan SHP";3;2012;91;67;2;3;"31.10";"1 vuosi"
"Pohjois-Karjalan SHP";3;2013;93;65;1;3;"31.10";"1 vuosi"
"Pohjois-Karjalan SHP";3;2014;122;101;4;16;"31.10";"1 vuosi"
"Pohjois-Karjalan SHP";3;2015;121;90;3;15;"31.10";"1 vuosi"
"Pohjois-Karjalan SHP";3;2016;114;84;3;17;"31.10";"1 vuosi"
"Pohjois-Karjalan SHP";3;2017;124;90;1;17;"31.10";"1 vuosi"
"Pohjois-Karjalan SHP";3;2018;123;95;1;17;"31.10";"1 vuosi"
"Pohjois-Karjalan SHP";3;2019;144;112;1;15;"31.10";"1 vuosi"
"Pohjois-Karjalan SHP";4;2010;20;16;NA;1;"31.10";"1 vuosi"
"Pohjois-Karjalan SHP";4;2011;32;26;NA;3;"31.10";"1 vuosi"
"Pohjois-Karjalan SHP";4;2012;35;27;NA;3;"31.10";"1 vuosi"
"Pohjois-Karjalan SHP";4;2013;38;30;NA;1;"31.10";"1 vuosi"
"Pohjois-Karjalan SHP";4;2014;54;40;NA;5;"31.10";"1 vuosi"
"Pohjois-Karjalan SHP";4;2015;52;37;NA;4;"31.10";"1 vuosi"
"Pohjois-Karjalan SHP";4;2016;56;39;2;6;"31.10";"1 vuosi"
"Pohjois-Karjalan SHP";4;2017;62;49;3;11;"31.10";"1 vuosi"
"Pohjois-Karjalan SHP";4;2018;56;41;1;6;"31.10";"1 vuosi"
"Pohjois-Karjalan SHP";4;2019;60;47;2;9;"31.10";"1 vuosi"
"Pohjois-Karjalan SHP";5;2010;7;4;NA;NA;"31.10";"1 vuosi"
"Pohjois-Karjalan SHP";5;2011;13;7;NA;NA;"31.10";"1 vuosi"
"Pohjois-Karjalan SHP";5;2012;14;11;NA;NA;"31.10";"1 vuosi"
"Pohjois-Karjalan SHP";5;2013;14;7;NA;NA;"31.10";"1 vuosi"
"Pohjois-Karjalan SHP";5;2014;15;9;NA;NA;"31.10";"1 vuosi"
"Pohjois-Karjalan SHP";5;2015;14;8;NA;NA;"31.10";"1 vuosi"
"Pohjois-Karjalan SHP";5;2016;10;6;NA;NA;"31.10";"1 vuosi"
"Pohjois-Karjalan SHP";5;2017;10;5;NA;1;"31.10";"1 vuosi"
"Pohjois-Karjalan SHP";5;2018;10;7;NA;3;"31.10";"1 vuosi"
"Pohjois-Karjalan SHP";5;2019;11;10;NA;2;"31.10";"1 vuosi"
"Pohjois-Karjalan SHP";6;2010;11;7;1;2;"31.10";"1 vuosi"
"Pohjois-Karjalan SHP";6;2011;15;12;2;2;"31.10";"1 vuosi"
"Pohjois-Karjalan SHP";6;2012;13;11;1;2;"31.10";"1 vuosi"
"Pohjois-Karjalan SHP";6;2013;11;10;2;2;"31.10";"1 vuosi"
"Pohjois-Karjalan SHP";6;2014;15;13;2;2;"31.10";"1 vuosi"
"Pohjois-Karjalan SHP";6;2015;10;6;2;2;"31.10";"1 vuosi"
"Pohjois-Karjalan SHP";6;2016;10;5;NA;2;"31.10";"1 vuosi"
"Pohjois-Karjalan SHP";6;2017;9;4;NA;2;"31.10";"1 vuosi"
"Pohjois-Karjalan SHP";6;2018;8;5;NA;2;"31.10";"1 vuosi"
"Pohjois-Karjalan SHP";6;2019;15;12;NA;5;"31.10";"1 vuosi"
"Pohjois-Karjalan SHP";7;2010;124;96;5;4;"31.10";"1 vuosi"
"Pohjois-Karjalan SHP";7;2011;161;126;3;5;"31.10";"1 vuosi"
"Pohjois-Karjalan SHP";7;2012;163;114;6;7;"31.10";"1 vuosi"
"Pohjois-Karjalan SHP";7;2013;187;139;6;4;"31.10";"1 vuosi"
"Pohjois-Karjalan SHP";7;2014;193;137;6;9;"31.10";"1 vuosi"
"Pohjois-Karjalan SHP";7;2015;190;130;4;12;"31.10";"1 vuosi"
"Pohjois-Karjalan SHP";7;2016;165;105;9;16;"31.10";"1 vuosi"
"Pohjois-Karjalan SHP";7;2017;187;126;6;27;"31.10";"1 vuosi"
"Pohjois-Karjalan SHP";7;2018;176;127;7;28;"31.10";"1 vuosi"
"Pohjois-Karjalan SHP";7;2019;209;159;4;26;"31.10";"1 vuosi"
"Pohjois-Karjalan SHP";8;2011;32;24;2;7;"31.10";"1 vuosi"
"Pohjois-Karjalan SHP";8;2012;40;29;3;8;"31.10";"1 vuosi"
"Pohjois-Karjalan SHP";8;2013;34;27;1;6;"31.10";"1 vuosi"
"Pohjois-Karjalan SHP";8;2014;32;24;NA;5;"31.10";"1 vuosi"
"Pohjois-Karjalan SHP";8;2015;32;27;NA;5;"31.10";"1 vuosi"
"Pohjois-Karjalan SHP";8;2016;14;11;NA;3;"31.10";"1 vuosi"
"Pohjois-Karjalan SHP";8;2017;9;5;NA;3;"31.10";"1 vuosi"
"Pohjois-Karjalan SHP";8;2018;8;4;NA;2;"31.10";"1 vuosi"
"Pohjois-Karjalan SHP";8;2019;3;2;NA;NA;"31.10";"1 vuosi"
"Pohjois-Pohjanmaan SHP";1;2010;780;658;173;129;"31.10";"1 vuosi"
"Pohjois-Pohjanmaan SHP";1;2011;1036;857;235;188;"31.10";"1 vuosi"
"Pohjois-Pohjanmaan SHP";1;2012;1190;1003;279;247;"31.10";"1 vuosi"
"Pohjois-Pohjanmaan SHP";1;2013;1124;928;270;205;"31.10";"1 vuosi"
"Pohjois-Pohjanmaan SHP";1;2014;1172;985;292;213;"31.10";"1 vuosi"
"Pohjois-Pohjanmaan SHP";1;2015;1191;969;282;234;"31.10";"1 vuosi"
"Pohjois-Pohjanmaan SHP";1;2016;1285;1064;330;240;"31.10";"1 vuosi"
"Pohjois-Pohjanmaan SHP";1;2017;1333;1097;352;276;"31.10";"1 vuosi"
"Pohjois-Pohjanmaan SHP";1;2018;1306;1087;377;264;"31.10";"1 vuosi"
"Pohjois-Pohjanmaan SHP";1;2019;1345;1104;365;281;"31.10";"1 vuosi"
"Pohjois-Pohjanmaan SHP";2;2010;108;89;11;9;"31.10";"1 vuosi"
"Pohjois-Pohjanmaan SHP";2;2011;149;124;18;22;"31.10";"1 vuosi"
"Pohjois-Pohjanmaan SHP";2;2012;165;138;23;17;"31.10";"1 vuosi"
"Pohjois-Pohjanmaan SHP";2;2013;168;132;22;16;"31.10";"1 vuosi"
"Pohjois-Pohjanmaan SHP";2;2014;174;139;34;18;"31.10";"1 vuosi"
"Pohjois-Pohjanmaan SHP";2;2015;169;131;24;25;"31.10";"1 vuosi"
"Pohjois-Pohjanmaan SHP";2;2016;165;128;29;23;"31.10";"1 vuosi"
"Pohjois-Pohjanmaan SHP";2;2017;179;138;32;22;"31.10";"1 vuosi"
"Pohjois-Pohjanmaan SHP";2;2018;147;119;25;23;"31.10";"1 vuosi"
"Pohjois-Pohjanmaan SHP";2;2019;166;126;32;27;"31.10";"1 vuosi"
"Pohjois-Pohjanmaan SHP";3;2010;125;90;NA;8;"31.10";"1 vuosi"
"Pohjois-Pohjanmaan SHP";3;2011;152;108;5;10;"31.10";"1 vuosi"
"Pohjois-Pohjanmaan SHP";3;2012;177;109;2;10;"31.10";"1 vuosi"
"Pohjois-Pohjanmaan SHP";3;2013;147;95;4;8;"31.10";"1 vuosi"
"Pohjois-Pohjanmaan SHP";3;2014;130;83;1;6;"31.10";"1 vuosi"
"Pohjois-Pohjanmaan SHP";3;2015;133;83;1;7;"31.10";"1 vuosi"
"Pohjois-Pohjanmaan SHP";3;2016;146;92;4;15;"31.10";"1 vuosi"
"Pohjois-Pohjanmaan SHP";3;2017;165;112;6;8;"31.10";"1 vuosi"
"Pohjois-Pohjanmaan SHP";3;2018;142;95;5;17;"31.10";"1 vuosi"
"Pohjois-Pohjanmaan SHP";3;2019;147;98;6;13;"31.10";"1 vuosi"
"Pohjois-Pohjanmaan SHP";4;2010;76;50;NA;2;"31.10";"1 vuosi"
"Pohjois-Pohjanmaan SHP";4;2011;74;49;NA;NA;"31.10";"1 vuosi"
"Pohjois-Pohjanmaan SHP";4;2012;88;59;NA;2;"31.10";"1 vuosi"
"Pohjois-Pohjanmaan SHP";4;2013;82;57;NA;2;"31.10";"1 vuosi"
"Pohjois-Pohjanmaan SHP";4;2014;88;62;NA;5;"31.10";"1 vuosi"
"Pohjois-Pohjanmaan SHP";4;2015;83;58;NA;3;"31.10";"1 vuosi"
"Pohjois-Pohjanmaan SHP";4;2016;87;57;NA;9;"31.10";"1 vuosi"
"Pohjois-Pohjanmaan SHP";4;2017;102;72;1;9;"31.10";"1 vuosi"
"Pohjois-Pohjanmaan SHP";4;2018;95;75;2;12;"31.10";"1 vuosi"
"Pohjois-Pohjanmaan SHP";4;2019;89;64;1;6;"31.10";"1 vuosi"
"Pohjois-Pohjanmaan SHP";5;2010;33;21;NA;1;"31.10";"1 vuosi"
"Pohjois-Pohjanmaan SHP";5;2011;48;31;NA;1;"31.10";"1 vuosi"
"Pohjois-Pohjanmaan SHP";5;2012;44;28;1;2;"31.10";"1 vuosi"
"Pohjois-Pohjanmaan SHP";5;2013;32;25;NA;3;"31.10";"1 vuosi"
"Pohjois-Pohjanmaan SHP";5;2014;34;27;NA;3;"31.10";"1 vuosi"
"Pohjois-Pohjanmaan SHP";5;2015;26;21;NA;3;"31.10";"1 vuosi"
"Pohjois-Pohjanmaan SHP";5;2016;22;17;NA;3;"31.10";"1 vuosi"
"Pohjois-Pohjanmaan SHP";5;2017;26;20;NA;5;"31.10";"1 vuosi"
"Pohjois-Pohjanmaan SHP";5;2018;26;18;NA;1;"31.10";"1 vuosi"
"Pohjois-Pohjanmaan SHP";5;2019;29;22;1;2;"31.10";"1 vuosi"
"Pohjois-Pohjanmaan SHP";6;2010;19;14;NA;NA;"31.10";"1 vuosi"
"Pohjois-Pohjanmaan SHP";6;2011;25;19;NA;NA;"31.10";"1 vuosi"
"Pohjois-Pohjanmaan SHP";6;2012;23;19;NA;2;"31.10";"1 vuosi"
"Pohjois-Pohjanmaan SHP";6;2013;15;13;NA;NA;"31.10";"1 vuosi"
"Pohjois-Pohjanmaan SHP";6;2014;18;12;NA;NA;"31.10";"1 vuosi"
"Pohjois-Pohjanmaan SHP";6;2015;18;13;1;NA;"31.10";"1 vuosi"
"Pohjois-Pohjanmaan SHP";6;2016;22;13;NA;2;"31.10";"1 vuosi"
"Pohjois-Pohjanmaan SHP";6;2017;30;19;NA;2;"31.10";"1 vuosi"
"Pohjois-Pohjanmaan SHP";6;2018;28;17;1;2;"31.10";"1 vuosi"
"Pohjois-Pohjanmaan SHP";6;2019;38;25;NA;4;"31.10";"1 vuosi"
"Pohjois-Pohjanmaan SHP";7;2010;132;87;1;5;"31.10";"1 vuosi"
"Pohjois-Pohjanmaan SHP";7;2011;161;97;1;3;"31.10";"1 vuosi"
"Pohjois-Pohjanmaan SHP";7;2012;193;108;3;2;"31.10";"1 vuosi"
"Pohjois-Pohjanmaan SHP";7;2013;184;102;3;5;"31.10";"1 vuosi"
"Pohjois-Pohjanmaan SHP";7;2014;194;115;5;8;"31.10";"1 vuosi"
"Pohjois-Pohjanmaan SHP";7;2015;187;118;8;8;"31.10";"1 vuosi"
"Pohjois-Pohjanmaan SHP";7;2016;183;121;4;14;"31.10";"1 vuosi"
"Pohjois-Pohjanmaan SHP";7;2017;227;159;7;16;"31.10";"1 vuosi"
"Pohjois-Pohjanmaan SHP";7;2018;206;131;4;15;"31.10";"1 vuosi"
"Pohjois-Pohjanmaan SHP";7;2019;213;142;3;12;"31.10";"1 vuosi"
"Pohjois-Pohjanmaan SHP";8;2011;13;11;2;2;"31.10";"1 vuosi"
"Pohjois-Pohjanmaan SHP";8;2012;37;27;3;6;"31.10";"1 vuosi"
"Pohjois-Pohjanmaan SHP";8;2013;44;31;2;8;"31.10";"1 vuosi"
"Pohjois-Pohjanmaan SHP";8;2014;34;25;NA;3;"31.10";"1 vuosi"
"Pohjois-Pohjanmaan SHP";8;2015;43;29;1;4;"31.10";"1 vuosi"
"Pohjois-Pohjanmaan SHP";8;2016;55;37;2;7;"31.10";"1 vuosi"
"Pohjois-Pohjanmaan SHP";8;2017;40;33;3;9;"31.10";"1 vuosi"
"Pohjois-Pohjanmaan SHP";8;2018;39;31;6;8;"31.10";"1 vuosi"
"Pohjois-Pohjanmaan SHP";8;2019;23;18;6;5;"31.10";"1 vuosi"
"Pohjois-Savon SHP";1;2010;456;391;154;61;"31.10";"1 vuosi"
"Pohjois-Savon SHP";1;2011;671;595;192;100;"31.10";"1 vuosi"
"Pohjois-Savon SHP";1;2012;816;699;233;128;"31.10";"1 vuosi"
"Pohjois-Savon SHP";1;2013;852;727;230;148;"31.10";"1 vuosi"
"Pohjois-Savon SHP";1;2014;848;696;218;147;"31.10";"1 vuosi"
"Pohjois-Savon SHP";1;2015;878;733;246;175;"31.10";"1 vuosi"
"Pohjois-Savon SHP";1;2016;859;709;252;167;"31.10";"1 vuosi"
"Pohjois-Savon SHP";1;2017;913;744;245;176;"31.10";"1 vuosi"
"Pohjois-Savon SHP";1;2018;966;796;266;178;"31.10";"1 vuosi"
"Pohjois-Savon SHP";1;2019;998;818;288;182;"31.10";"1 vuosi"
"Pohjois-Savon SHP";2;2010;140;120;33;9;"31.10";"1 vuosi"
"Pohjois-Savon SHP";2;2011;207;181;38;25;"31.10";"1 vuosi"
"Pohjois-Savon SHP";2;2012;209;160;31;21;"31.10";"1 vuosi"
"Pohjois-Savon SHP";2;2013;199;167;34;25;"31.10";"1 vuosi"
"Pohjois-Savon SHP";2;2014;198;161;33;28;"31.10";"1 vuosi"
"Pohjois-Savon SHP";2;2015;202;164;35;37;"31.10";"1 vuosi"
"Pohjois-Savon SHP";2;2016;228;187;46;37;"31.10";"1 vuosi"
"Pohjois-Savon SHP";2;2017;238;185;40;37;"31.10";"1 vuosi"
"Pohjois-Savon SHP";2;2018;276;214;49;49;"31.10";"1 vuosi"
"Pohjois-Savon SHP";2;2019;277;218;59;36;"31.10";"1 vuosi"
"Pohjois-Savon SHP";3;2010;116;86;4;8;"31.10";"1 vuosi"
"Pohjois-Savon SHP";3;2011;143;109;3;11;"31.10";"1 vuosi"
"Pohjois-Savon SHP";3;2012;168;110;7;10;"31.10";"1 vuosi"
"Pohjois-Savon SHP";3;2013;168;122;8;13;"31.10";"1 vuosi"
"Pohjois-Savon SHP";3;2014;139;99;6;11;"31.10";"1 vuosi"
"Pohjois-Savon SHP";3;2015;144;101;7;19;"31.10";"1 vuosi"
"Pohjois-Savon SHP";3;2016;151;100;3;21;"31.10";"1 vuosi"
"Pohjois-Savon SHP";3;2017;150;107;3;20;"31.10";"1 vuosi"
"Pohjois-Savon SHP";3;2018;172;121;7;18;"31.10";"1 vuosi"
"Pohjois-Savon SHP";3;2019;161;109;5;25;"31.10";"1 vuosi"
"Pohjois-Savon SHP";4;2010;50;37;NA;1;"31.10";"1 vuosi"
"Pohjois-Savon SHP";4;2011;45;31;4;NA;"31.10";"1 vuosi"
"Pohjois-Savon SHP";4;2012;65;40;3;2;"31.10";"1 vuosi"
"Pohjois-Savon SHP";4;2013;93;60;NA;4;"31.10";"1 vuosi"
"Pohjois-Savon SHP";4;2014;92;55;NA;6;"31.10";"1 vuosi"
"Pohjois-Savon SHP";4;2015;71;47;1;6;"31.10";"1 vuosi"
"Pohjois-Savon SHP";4;2016;62;42;2;9;"31.10";"1 vuosi"
"Pohjois-Savon SHP";4;2017;61;36;1;7;"31.10";"1 vuosi"
"Pohjois-Savon SHP";4;2018;65;43;3;6;"31.10";"1 vuosi"
"Pohjois-Savon SHP";4;2019;76;46;3;10;"31.10";"1 vuosi"
"Pohjois-Savon SHP";5;2010;21;16;2;NA;"31.10";"1 vuosi"
"Pohjois-Savon SHP";5;2011;34;22;1;NA;"31.10";"1 vuosi"
"Pohjois-Savon SHP";5;2012;33;23;1;1;"31.10";"1 vuosi"
"Pohjois-Savon SHP";5;2013;33;21;1;2;"31.10";"1 vuosi"
"Pohjois-Savon SHP";5;2014;31;20;NA;4;"31.10";"1 vuosi"
"Pohjois-Savon SHP";5;2015;28;18;NA;3;"31.10";"1 vuosi"
"Pohjois-Savon SHP";5;2016;28;17;1;4;"31.10";"1 vuosi"
"Pohjois-Savon SHP";5;2017;32;23;NA;5;"31.10";"1 vuosi"
"Pohjois-Savon SHP";5;2018;25;19;NA;3;"31.10";"1 vuosi"
"Pohjois-Savon SHP";5;2019;34;25;NA;3;"31.10";"1 vuosi"
"Pohjois-Savon SHP";6;2010;5;4;NA;NA;"31.10";"1 vuosi"
"Pohjois-Savon SHP";6;2011;8;7;NA;NA;"31.10";"1 vuosi"
"Pohjois-Savon SHP";6;2012;12;9;1;NA;"31.10";"1 vuosi"
"Pohjois-Savon SHP";6;2013;13;12;1;NA;"31.10";"1 vuosi"
"Pohjois-Savon SHP";6;2014;15;12;2;NA;"31.10";"1 vuosi"
"Pohjois-Savon SHP";6;2015;21;16;2;1;"31.10";"1 vuosi"
"Pohjois-Savon SHP";6;2016;18;10;1;1;"31.10";"1 vuosi"
"Pohjois-Savon SHP";6;2017;18;10;2;2;"31.10";"1 vuosi"
"Pohjois-Savon SHP";6;2018;17;12;2;3;"31.10";"1 vuosi"
"Pohjois-Savon SHP";6;2019;11;7;1;NA;"31.10";"1 vuosi"
"Pohjois-Savon SHP";7;2010;95;57;3;2;"31.10";"1 vuosi"
"Pohjois-Savon SHP";7;2011;120;73;3;4;"31.10";"1 vuosi"
"Pohjois-Savon SHP";7;2012;133;83;6;6;"31.10";"1 vuosi"
"Pohjois-Savon SHP";7;2013;130;77;7;3;"31.10";"1 vuosi"
"Pohjois-Savon SHP";7;2014;143;94;10;7;"31.10";"1 vuosi"
"Pohjois-Savon SHP";7;2015;156;97;11;14;"31.10";"1 vuosi"
"Pohjois-Savon SHP";7;2016;151;102;11;23;"31.10";"1 vuosi"
"Pohjois-Savon SHP";7;2017;172;114;10;20;"31.10";"1 vuosi"
"Pohjois-Savon SHP";7;2018;169;120;9;24;"31.10";"1 vuosi"
"Pohjois-Savon SHP";7;2019;185;132;8;21;"31.10";"1 vuosi"
"Pohjois-Savon SHP";8;2011;22;21;4;7;"31.10";"1 vuosi"
"Pohjois-Savon SHP";8;2012;50;44;3;9;"31.10";"1 vuosi"
"Pohjois-Savon SHP";8;2013;47;34;6;7;"31.10";"1 vuosi"
"Pohjois-Savon SHP";8;2014;53;39;4;9;"31.10";"1 vuosi"
"Pohjois-Savon SHP";8;2015;36;33;2;10;"31.10";"1 vuosi"
"Pohjois-Savon SHP";8;2016;28;24;NA;8;"31.10";"1 vuosi"
"Pohjois-Savon SHP";8;2017;22;16;NA;8;"31.10";"1 vuosi"
"Pohjois-Savon SHP";8;2018;17;14;NA;5;"31.10";"1 vuosi"
"Pohjois-Savon SHP";8;2019;9;6;NA;1;"31.10";"1 vuosi"
"Satakunnan SHP";1;2010;500;451;148;100;"31.10";"1 vuosi"
"Satakunnan SHP";1;2011;554;477;139;107;"31.10";"1 vuosi"
"Satakunnan SHP";1;2012;621;525;150;112;"31.10";"1 vuosi"
"Satakunnan SHP";1;2013;670;569;167;132;"31.10";"1 vuosi"
"Satakunnan SHP";1;2014;787;658;222;134;"31.10";"1 vuosi"
"Satakunnan SHP";1;2015;714;590;201;115;"31.10";"1 vuosi"
"Satakunnan SHP";1;2016;661;543;190;119;"31.10";"1 vuosi"
"Satakunnan SHP";1;2017;703;572;191;131;"31.10";"1 vuosi"
"Satakunnan SHP";1;2018;696;574;189;116;"31.10";"1 vuosi"
"Satakunnan SHP";1;2019;678;546;195;116;"31.10";"1 vuosi"
"Satakunnan SHP";2;2010;83;71;11;13;"31.10";"1 vuosi"
"Satakunnan SHP";2;2011;81;72;15;8;"31.10";"1 vuosi"
"Satakunnan SHP";2;2012;85;70;15;10;"31.10";"1 vuosi"
"Satakunnan SHP";2;2013;98;76;17;15;"31.10";"1 vuosi"
"Satakunnan SHP";2;2014;101;72;11;9;"31.10";"1 vuosi"
"Satakunnan SHP";2;2015;72;53;8;11;"31.10";"1 vuosi"
"Satakunnan SHP";2;2016;77;64;8;11;"31.10";"1 vuosi"
"Satakunnan SHP";2;2017;89;65;11;11;"31.10";"1 vuosi"
"Satakunnan SHP";2;2018;86;62;8;9;"31.10";"1 vuosi"
"Satakunnan SHP";2;2019;84;65;12;8;"31.10";"1 vuosi"
"Satakunnan SHP";3;2010;89;63;3;14;"31.10";"1 vuosi"
"Satakunnan SHP";3;2011;95;67;2;6;"31.10";"1 vuosi"
"Satakunnan SHP";3;2012;90;61;1;4;"31.10";"1 vuosi"
"Satakunnan SHP";3;2013;92;64;2;7;"31.10";"1 vuosi"
"Satakunnan SHP";3;2014;102;69;2;8;"31.10";"1 vuosi"
"Satakunnan SHP";3;2015;92;62;1;7;"31.10";"1 vuosi"
"Satakunnan SHP";3;2016;92;68;4;5;"31.10";"1 vuosi"
"Satakunnan SHP";3;2017;118;87;3;4;"31.10";"1 vuosi"
"Satakunnan SHP";3;2018;116;84;3;5;"31.10";"1 vuosi"
"Satakunnan SHP";3;2019;104;71;2;7;"31.10";"1 vuosi"
"Satakunnan SHP";4;2010;42;36;NA;1;"31.10";"1 vuosi"
"Satakunnan SHP";4;2011;38;26;NA;2;"31.10";"1 vuosi"
"Satakunnan SHP";4;2012;49;32;1;3;"31.10";"1 vuosi"
"Satakunnan SHP";4;2013;54;39;1;3;"31.10";"1 vuosi"
"Satakunnan SHP";4;2014;65;41;2;4;"31.10";"1 vuosi"
"Satakunnan SHP";4;2015;63;39;2;7;"31.10";"1 vuosi"
"Satakunnan SHP";4;2016;51;35;NA;3;"31.10";"1 vuosi"
"Satakunnan SHP";4;2017;73;41;NA;1;"31.10";"1 vuosi"
"Satakunnan SHP";4;2018;65;39;1;1;"31.10";"1 vuosi"
"Satakunnan SHP";4;2019;62;39;1;3;"31.10";"1 vuosi"
"Satakunnan SHP";5;2010;24;21;NA;NA;"31.10";"1 vuosi"
"Satakunnan SHP";5;2011;24;18;NA;NA;"31.10";"1 vuosi"
"Satakunnan SHP";5;2012;28;23;NA;NA;"31.10";"1 vuosi"
"Satakunnan SHP";5;2013;23;15;NA;NA;"31.10";"1 vuosi"
"Satakunnan SHP";5;2014;35;26;1;NA;"31.10";"1 vuosi"
"Satakunnan SHP";5;2015;31;18;NA;1;"31.10";"1 vuosi"
"Satakunnan SHP";5;2016;25;18;NA;NA;"31.10";"1 vuosi"
"Satakunnan SHP";5;2017;25;17;NA;NA;"31.10";"1 vuosi"
"Satakunnan SHP";5;2018;25;18;NA;NA;"31.10";"1 vuosi"
"Satakunnan SHP";5;2019;16;8;NA;NA;"31.10";"1 vuosi"
"Satakunnan SHP";6;2010;3;3;1;NA;"31.10";"1 vuosi"
"Satakunnan SHP";6;2011;6;5;NA;NA;"31.10";"1 vuosi"
"Satakunnan SHP";6;2012;5;3;NA;NA;"31.10";"1 vuosi"
"Satakunnan SHP";6;2013;4;2;NA;NA;"31.10";"1 vuosi"
"Satakunnan SHP";6;2014;9;5;NA;NA;"31.10";"1 vuosi"
"Satakunnan SHP";6;2015;9;7;1;NA;"31.10";"1 vuosi"
"Satakunnan SHP";6;2016;6;4;NA;NA;"31.10";"1 vuosi"
"Satakunnan SHP";6;2017;6;3;NA;NA;"31.10";"1 vuosi"
"Satakunnan SHP";6;2018;8;4;NA;1;"31.10";"1 vuosi"
"Satakunnan SHP";6;2019;9;3;NA;NA;"31.10";"1 vuosi"
"Satakunnan SHP";7;2010;89;69;2;8;"31.10";"1 vuosi"
"Satakunnan SHP";7;2011;101;67;4;10;"31.10";"1 vuosi"
"Satakunnan SHP";7;2012;110;72;3;8;"31.10";"1 vuosi"
"Satakunnan SHP";7;2013;99;67;2;8;"31.10";"1 vuosi"
"Satakunnan SHP";7;2014;139;94;1;9;"31.10";"1 vuosi"
"Satakunnan SHP";7;2015;126;82;1;6;"31.10";"1 vuosi"
"Satakunnan SHP";7;2016;107;73;1;12;"31.10";"1 vuosi"
"Satakunnan SHP";7;2017;121;69;2;7;"31.10";"1 vuosi"
"Satakunnan SHP";7;2018;125;88;4;10;"31.10";"1 vuosi"
"Satakunnan SHP";7;2019;129;92;3;9;"31.10";"1 vuosi"
"Satakunnan SHP";8;2012;18;14;2;5;"31.10";"1 vuosi"
"Satakunnan SHP";8;2013;17;12;2;3;"31.10";"1 vuosi"
"Satakunnan SHP";8;2014;19;11;1;4;"31.10";"1 vuosi"
"Satakunnan SHP";8;2015;24;12;1;5;"31.10";"1 vuosi"
"Satakunnan SHP";8;2016;12;10;NA;5;"31.10";"1 vuosi"
"Satakunnan SHP";8;2017;6;6;NA;3;"31.10";"1 vuosi"
"Satakunnan SHP";8;2018;7;4;NA;2;"31.10";"1 vuosi"
"Satakunnan SHP";8;2019;3;2;NA;1;"31.10";"1 vuosi"
"Tieto puuttuu";1;2015;1;NA;NA;NA;"31.10";"1 vuosi"
"Tuntematon";1;2012;2;2;NA;1;"31.10";"1 vuosi"
"Tuntematon";1;2013;3;2;NA;1;"31.10";"1 vuosi"
"Tuntematon";1;2014;2;1;NA;NA;"31.10";"1 vuosi"
"Tuntematon";1;2016;4;2;1;NA;"31.10";"1 vuosi"
"Tuntematon";3;2013;1;1;NA;NA;"31.10";"1 vuosi"
"Tuntematon";3;2019;1;1;NA;1;"31.10";"1 vuosi"
"Tuntematon";4;2010;1;1;NA;NA;"31.10";"1 vuosi"
"Tuntematon";4;2011;2;NA;NA;NA;"31.10";"1 vuosi"
"Tuntematon";4;2014;1;1;1;NA;"31.10";"1 vuosi"
"Tuntematon";7;2012;1;1;NA;NA;"31.10";"1 vuosi"
"Ulkomaat";1;2010;4;2;NA;NA;"31.10";"1 vuosi"
"Ulkomaat";1;2011;4;3;1;NA;"31.10";"1 vuosi"
"Ulkomaat";1;2012;2;1;1;NA;"31.10";"1 vuosi"
"Ulkomaat";1;2013;3;2;NA;NA;"31.10";"1 vuosi"
"Ulkomaat";1;2014;8;3;1;NA;"31.10";"1 vuosi"
"Ulkomaat";1;2015;4;NA;NA;NA;"31.10";"1 vuosi"
"Ulkomaat";1;2016;5;2;1;NA;"31.10";"1 vuosi"
"Ulkomaat";1;2017;7;2;1;NA;"31.10";"1 vuosi"
"Ulkomaat";1;2018;2;NA;NA;NA;"31.10";"1 vuosi"
"Ulkomaat";1;2019;6;3;NA;2;"31.10";"1 vuosi"
"Ulkomaat";2;2013;2;1;NA;NA;"31.10";"1 vuosi"
"Ulkomaat";2;2014;3;NA;NA;NA;"31.10";"1 vuosi"
"Ulkomaat";2;2015;2;1;NA;NA;"31.10";"1 vuosi"
"Ulkomaat";2;2016;5;3;NA;1;"31.10";"1 vuosi"
"Ulkomaat";2;2017;3;1;NA;NA;"31.10";"1 vuosi"
"Ulkomaat";2;2018;1;NA;NA;NA;"31.10";"1 vuosi"
"Ulkomaat";2;2019;1;1;NA;NA;"31.10";"1 vuosi"
"Ulkomaat";3;2010;1;1;NA;NA;"31.10";"1 vuosi"
"Ulkomaat";3;2012;1;1;NA;NA;"31.10";"1 vuosi"
"Ulkomaat";3;2013;1;NA;NA;NA;"31.10";"1 vuosi"
"Ulkomaat";3;2016;1;NA;NA;NA;"31.10";"1 vuosi"
"Ulkomaat";3;2017;2;NA;NA;NA;"31.10";"1 vuosi"
"Ulkomaat";3;2018;1;NA;NA;NA;"31.10";"1 vuosi"
"Ulkomaat";3;2019;1;NA;NA;NA;"31.10";"1 vuosi"
"Ulkomaat";4;2010;2;NA;NA;NA;"31.10";"1 vuosi"
"Ulkomaat";4;2011;2;1;NA;NA;"31.10";"1 vuosi"
"Ulkomaat";4;2012;1;NA;NA;NA;"31.10";"1 vuosi"
"Ulkomaat";4;2013;1;NA;NA;NA;"31.10";"1 vuosi"
"Ulkomaat";4;2015;2;1;NA;NA;"31.10";"1 vuosi"
"Ulkomaat";4;2016;2;1;NA;NA;"31.10";"1 vuosi"
"Ulkomaat";4;2019;1;1;NA;1;"31.10";"1 vuosi"
"Ulkomaat";5;2012;1;1;NA;NA;"31.10";"1 vuosi"
"Ulkomaat";5;2016;2;1;NA;NA;"31.10";"1 vuosi"
"Ulkomaat";5;2017;1;1;NA;NA;"31.10";"1 vuosi"
"Ulkomaat";5;2018;1;1;NA;NA;"31.10";"1 vuosi"
"Ulkomaat";6;2015;1;NA;NA;NA;"31.10";"1 vuosi"
"Ulkomaat";6;2016;2;NA;NA;NA;"31.10";"1 vuosi"
"Ulkomaat";6;2017;1;NA;NA;NA;"31.10";"1 vuosi"
"Ulkomaat";6;2018;1;NA;NA;NA;"31.10";"1 vuosi"
"Ulkomaat";7;2010;2;NA;NA;NA;"31.10";"1 vuosi"
"Ulkomaat";7;2011;3;1;NA;NA;"31.10";"1 vuosi"
"Ulkomaat";7;2012;4;NA;NA;NA;"31.10";"1 vuosi"
"Ulkomaat";7;2013;2;1;NA;NA;"31.10";"1 vuosi"
"Ulkomaat";7;2014;2;NA;NA;NA;"31.10";"1 vuosi"
"Ulkomaat";7;2015;3;NA;NA;NA;"31.10";"1 vuosi"
"Ulkomaat";7;2016;4;NA;NA;NA;"31.10";"1 vuosi"
"Ulkomaat";7;2017;4;NA;NA;NA;"31.10";"1 vuosi"
"Ulkomaat";7;2018;5;1;NA;NA;"31.10";"1 vuosi"
"Ulkomaat";8;2012;1;NA;NA;NA;"31.10";"1 vuosi"
"Vaasan SHP";1;2010;400;360;92;53;"31.10";"1 vuosi"
"Vaasan SHP";1;2011;384;314;79;53;"31.10";"1 vuosi"
"Vaasan SHP";1;2012;387;307;89;39;"31.10";"1 vuosi"
"Vaasan SHP";1;2013;379;309;96;33;"31.10";"1 vuosi"
"Vaasan SHP";1;2014;442;359;108;42;"31.10";"1 vuosi"
"Vaasan SHP";1;2015;487;395;137;49;"31.10";"1 vuosi"
"Vaasan SHP";1;2016;537;429;158;61;"31.10";"1 vuosi"
"Vaasan SHP";1;2017;555;462;173;72;"31.10";"1 vuosi"
"Vaasan SHP";1;2018;536;427;144;62;"31.10";"1 vuosi"
"Vaasan SHP";1;2019;493;398;138;73;"31.10";"1 vuosi"
"Vaasan SHP";2;2010;67;61;9;6;"31.10";"1 vuosi"
"Vaasan SHP";2;2011;55;39;4;3;"31.10";"1 vuosi"
"Vaasan SHP";2;2012;61;46;5;2;"31.10";"1 vuosi"
"Vaasan SHP";2;2013;44;37;7;3;"31.10";"1 vuosi"
"Vaasan SHP";2;2014;66;55;9;5;"31.10";"1 vuosi"
"Vaasan SHP";2;2015;64;50;9;5;"31.10";"1 vuosi"
"Vaasan SHP";2;2016;59;48;11;7;"31.10";"1 vuosi"
"Vaasan SHP";2;2017;60;48;11;6;"31.10";"1 vuosi"
"Vaasan SHP";2;2018;76;60;14;9;"31.10";"1 vuosi"
"Vaasan SHP";2;2019;61;46;13;7;"31.10";"1 vuosi"
"Vaasan SHP";3;2010;51;39;1;1;"31.10";"1 vuosi"
"Vaasan SHP";3;2011;42;32;2;1;"31.10";"1 vuosi"
"Vaasan SHP";3;2012;54;37;3;4;"31.10";"1 vuosi"
"Vaasan SHP";3;2013;41;26;1;NA;"31.10";"1 vuosi"
"Vaasan SHP";3;2014;51;31;1;NA;"31.10";"1 vuosi"
"Vaasan SHP";3;2015;53;39;2;NA;"31.10";"1 vuosi"
"Vaasan SHP";3;2016;56;41;1;5;"31.10";"1 vuosi"
"Vaasan SHP";3;2017;62;48;2;2;"31.10";"1 vuosi"
"Vaasan SHP";3;2018;51;35;3;5;"31.10";"1 vuosi"
"Vaasan SHP";3;2019;58;41;2;8;"31.10";"1 vuosi"
"Vaasan SHP";4;2010;42;23;2;1;"31.10";"1 vuosi"
"Vaasan SHP";4;2011;46;33;NA;1;"31.10";"1 vuosi"
"Vaasan SHP";4;2012;39;28;NA;2;"31.10";"1 vuosi"
"Vaasan SHP";4;2013;35;23;NA;1;"31.10";"1 vuosi"
"Vaasan SHP";4;2014;46;29;NA;3;"31.10";"1 vuosi"
"Vaasan SHP";4;2015;56;42;NA;2;"31.10";"1 vuosi"
"Vaasan SHP";4;2016;76;49;NA;1;"31.10";"1 vuosi"
"Vaasan SHP";4;2017;65;46;NA;2;"31.10";"1 vuosi"
"Vaasan SHP";4;2018;65;45;NA;3;"31.10";"1 vuosi"
"Vaasan SHP";4;2019;60;46;NA;2;"31.10";"1 vuosi"
"Vaasan SHP";5;2010;14;6;NA;NA;"31.10";"1 vuosi"
"Vaasan SHP";5;2011;11;5;NA;NA;"31.10";"1 vuosi"
"Vaasan SHP";5;2012;6;3;NA;NA;"31.10";"1 vuosi"
"Vaasan SHP";5;2013;2;1;NA;NA;"31.10";"1 vuosi"
"Vaasan SHP";5;2014;3;2;NA;NA;"31.10";"1 vuosi"
"Vaasan SHP";5;2015;2;1;NA;NA;"31.10";"1 vuosi"
"Vaasan SHP";5;2016;3;1;NA;NA;"31.10";"1 vuosi"
"Vaasan SHP";5;2017;4;NA;NA;NA;"31.10";"1 vuosi"
"Vaasan SHP";5;2018;4;1;NA;NA;"31.10";"1 vuosi"
"Vaasan SHP";5;2019;5;2;NA;NA;"31.10";"1 vuosi"
"Vaasan SHP";6;2010;6;5;1;NA;"31.10";"1 vuosi"
"Vaasan SHP";6;2011;5;5;NA;NA;"31.10";"1 vuosi"
"Vaasan SHP";6;2012;5;5;1;NA;"31.10";"1 vuosi"
"Vaasan SHP";6;2013;4;4;2;NA;"31.10";"1 vuosi"
"Vaasan SHP";6;2014;5;3;1;NA;"31.10";"1 vuosi"
"Vaasan SHP";6;2015;5;3;NA;NA;"31.10";"1 vuosi"
"Vaasan SHP";6;2016;5;2;NA;NA;"31.10";"1 vuosi"
"Vaasan SHP";6;2017;7;4;NA;NA;"31.10";"1 vuosi"
"Vaasan SHP";6;2018;7;5;NA;NA;"31.10";"1 vuosi"
"Vaasan SHP";6;2019;8;3;NA;NA;"31.10";"1 vuosi"
"Vaasan SHP";7;2010;25;20;NA;1;"31.10";"1 vuosi"
"Vaasan SHP";7;2011;37;26;NA;1;"31.10";"1 vuosi"
"Vaasan SHP";7;2012;33;25;NA;1;"31.10";"1 vuosi"
"Vaasan SHP";7;2013;25;15;NA;3;"31.10";"1 vuosi"
"Vaasan SHP";7;2014;26;18;1;1;"31.10";"1 vuosi"
"Vaasan SHP";7;2015;45;29;NA;1;"31.10";"1 vuosi"
"Vaasan SHP";7;2016;48;31;1;4;"31.10";"1 vuosi"
"Vaasan SHP";7;2017;54;40;1;4;"31.10";"1 vuosi"
"Vaasan SHP";7;2018;65;40;2;2;"31.10";"1 vuosi"
"Vaasan SHP";7;2019;81;55;3;6;"31.10";"1 vuosi"
"Vaasan SHP";8;2016;1;NA;NA;NA;"31.10";"1 vuosi"
"Vaasan SHP";8;2017;1;NA;NA;NA;"31.10";"1 vuosi"
"Vaasan SHP";8;2019;1;NA;NA;NA;"31.10";"1 vuosi"
"Varsinais-Suomen SHP";1;2010;808;704;157;159;"31.10";"1 vuosi"
"Varsinais-Suomen SHP";1;2011;1077;926;213;247;"31.10";"1 vuosi"
"Varsinais-Suomen SHP";1;2012;1474;1268;331;321;"31.10";"1 vuosi"
"Varsinais-Suomen SHP";1;2013;1622;1366;388;316;"31.10";"1 vuosi"
"Varsinais-Suomen SHP";1;2014;1583;1317;378;322;"31.10";"1 vuosi"
"Varsinais-Suomen SHP";1;2015;1517;1267;361;320;"31.10";"1 vuosi"
"Varsinais-Suomen SHP";1;2016;1522;1246;353;337;"31.10";"1 vuosi"
"Varsinais-Suomen SHP";1;2017;1538;1267;366;367;"31.10";"1 vuosi"
"Varsinais-Suomen SHP";1;2018;1545;1259;377;363;"31.10";"1 vuosi"
"Varsinais-Suomen SHP";1;2019;1499;1230;372;358;"31.10";"1 vuosi"
"Varsinais-Suomen SHP";2;2010;119;104;4;8;"31.10";"1 vuosi"
"Varsinais-Suomen SHP";2;2011;140;117;8;21;"31.10";"1 vuosi"
"Varsinais-Suomen SHP";2;2012;193;166;21;24;"31.10";"1 vuosi"
"Varsinais-Suomen SHP";2;2013;217;177;19;25;"31.10";"1 vuosi"
"Varsinais-Suomen SHP";2;2014;212;172;22;27;"31.10";"1 vuosi"
"Varsinais-Suomen SHP";2;2015;218;172;25;35;"31.10";"1 vuosi"
"Varsinais-Suomen SHP";2;2016;221;184;25;38;"31.10";"1 vuosi"
"Varsinais-Suomen SHP";2;2017;234;192;27;39;"31.10";"1 vuosi"
"Varsinais-Suomen SHP";2;2018;233;188;31;54;"31.10";"1 vuosi"
"Varsinais-Suomen SHP";2;2019;225;183;29;53;"31.10";"1 vuosi"
"Varsinais-Suomen SHP";3;2010;158;113;1;17;"31.10";"1 vuosi"
"Varsinais-Suomen SHP";3;2011;205;141;4;14;"31.10";"1 vuosi"
"Varsinais-Suomen SHP";3;2012;249;161;5;12;"31.10";"1 vuosi"
"Varsinais-Suomen SHP";3;2013;279;185;4;13;"31.10";"1 vuosi"
"Varsinais-Suomen SHP";3;2014;265;182;5;16;"31.10";"1 vuosi"
"Varsinais-Suomen SHP";3;2015;292;187;8;15;"31.10";"1 vuosi"
"Varsinais-Suomen SHP";3;2016;275;180;7;16;"31.10";"1 vuosi"
"Varsinais-Suomen SHP";3;2017;284;174;9;18;"31.10";"1 vuosi"
"Varsinais-Suomen SHP";3;2018;313;204;10;25;"31.10";"1 vuosi"
"Varsinais-Suomen SHP";3;2019;330;209;10;27;"31.10";"1 vuosi"
"Varsinais-Suomen SHP";4;2010;107;84;2;7;"31.10";"1 vuosi"
"Varsinais-Suomen SHP";4;2011;116;87;1;6;"31.10";"1 vuosi"
"Varsinais-Suomen SHP";4;2012;144;98;1;7;"31.10";"1 vuosi"
"Varsinais-Suomen SHP";4;2013;172;110;2;7;"31.10";"1 vuosi"
"Varsinais-Suomen SHP";4;2014;182;109;4;11;"31.10";"1 vuosi"
"Varsinais-Suomen SHP";4;2015;195;131;2;11;"31.10";"1 vuosi"
"Varsinais-Suomen SHP";4;2016;211;134;3;18;"31.10";"1 vuosi"
"Varsinais-Suomen SHP";4;2017;222;132;2;18;"31.10";"1 vuosi"
"Varsinais-Suomen SHP";4;2018;222;156;6;26;"31.10";"1 vuosi"
"Varsinais-Suomen SHP";4;2019;224;155;5;28;"31.10";"1 vuosi"
"Varsinais-Suomen SHP";5;2010;40;30;NA;1;"31.10";"1 vuosi"
"Varsinais-Suomen SHP";5;2011;42;33;1;3;"31.10";"1 vuosi"
"Varsinais-Suomen SHP";5;2012;62;46;2;1;"31.10";"1 vuosi"
"Varsinais-Suomen SHP";5;2013;70;46;2;1;"31.10";"1 vuosi"
"Varsinais-Suomen SHP";5;2014;63;35;3;NA;"31.10";"1 vuosi"
"Varsinais-Suomen SHP";5;2015;46;30;3;2;"31.10";"1 vuosi"
"Varsinais-Suomen SHP";5;2016;52;33;2;1;"31.10";"1 vuosi"
"Varsinais-Suomen SHP";5;2017;53;33;2;NA;"31.10";"1 vuosi"
"Varsinais-Suomen SHP";5;2018;42;24;2;3;"31.10";"1 vuosi"
"Varsinais-Suomen SHP";5;2019;36;23;1;2;"31.10";"1 vuosi"
"Varsinais-Suomen SHP";6;2010;4;4;NA;1;"31.10";"1 vuosi"
"Varsinais-Suomen SHP";6;2011;6;5;1;NA;"31.10";"1 vuosi"
"Varsinais-Suomen SHP";6;2012;6;5;1;NA;"31.10";"1 vuosi"
"Varsinais-Suomen SHP";6;2013;8;6;2;1;"31.10";"1 vuosi"
"Varsinais-Suomen SHP";6;2014;11;9;3;1;"31.10";"1 vuosi"
"Varsinais-Suomen SHP";6;2015;10;8;NA;2;"31.10";"1 vuosi"
"Varsinais-Suomen SHP";6;2016;14;12;1;3;"31.10";"1 vuosi"
"Varsinais-Suomen SHP";6;2017;15;10;2;3;"31.10";"1 vuosi"
"Varsinais-Suomen SHP";6;2018;13;8;1;1;"31.10";"1 vuosi"
"Varsinais-Suomen SHP";6;2019;16;15;3;3;"31.10";"1 vuosi"
"Varsinais-Suomen SHP";7;2010;123;75;7;5;"31.10";"1 vuosi"
"Varsinais-Suomen SHP";7;2011;135;86;8;8;"31.10";"1 vuosi"
"Varsinais-Suomen SHP";7;2012;177;127;5;6;"31.10";"1 vuosi"
"Varsinais-Suomen SHP";7;2013;175;119;8;10;"31.10";"1 vuosi"
"Varsinais-Suomen SHP";7;2014;206;124;8;11;"31.10";"1 vuosi"
"Varsinais-Suomen SHP";7;2015;221;146;11;17;"31.10";"1 vuosi"
"Varsinais-Suomen SHP";7;2016;267;182;9;26;"31.10";"1 vuosi"
"Varsinais-Suomen SHP";7;2017;303;195;10;35;"31.10";"1 vuosi"
"Varsinais-Suomen SHP";7;2018;325;216;8;34;"31.10";"1 vuosi"
"Varsinais-Suomen SHP";7;2019;336;211;14;35;"31.10";"1 vuosi"
"Varsinais-Suomen SHP";8;2011;18;14;NA;7;"31.10";"1 vuosi"
"Varsinais-Suomen SHP";8;2012;31;21;NA;5;"31.10";"1 vuosi"
"Varsinais-Suomen SHP";8;2013;47;33;NA;5;"31.10";"1 vuosi"
"Varsinais-Suomen SHP";8;2014;47;32;1;4;"31.10";"1 vuosi"
"Varsinais-Suomen SHP";8;2015;56;39;1;3;"31.10";"1 vuosi"
"Varsinais-Suomen SHP";8;2016;45;34;NA;4;"31.10";"1 vuosi"
"Varsinais-Suomen SHP";8;2017;35;25;NA;4;"31.10";"1 vuosi"
"Varsinais-Suomen SHP";8;2018;17;14;NA;2;"31.10";"1 vuosi"
"Varsinais-Suomen SHP";8;2019;22;15;NA;3;"31.10";"1 vuosi"
NA;7;2017;1;NA;NA;NA;"31.10";"1 vuosi"
NA;NA;2010;230;27;5;8;"31.10";"1 vuosi"
NA;NA;2011;446;131;11;27;"31.10";"1 vuosi"
NA;NA;2012;617;182;16;53;"31.10";"1 vuosi"
NA;NA;2013;690;180;16;55;"31.10";"1 vuosi"
NA;NA;2014;714;189;23;52;"31.10";"1 vuosi"
NA;NA;2015;675;141;21;42;"31.10";"1 vuosi"
NA;NA;2016;706;154;25;38;"31.10";"1 vuosi"
NA;NA;2017;747;139;19;43;"31.10";"1 vuosi"
NA;NA;2018;790;153;26;38;"31.10";"1 vuosi"
NA;NA;2019;750;123;16;37;"31.10";"1 vuosi"
